# Low-poly hedgehog battle-buggy  (+Z forward, +Y up, ground at y=0)
mtllib hedgehog.mtl
o hedgehog_buggy
v -1.68000 1.58610 -0.90019
v -1.66000 1.55192 -1.45914
v -1.63416 1.44530 -0.89157
v -1.63416 1.72691 -0.90880
v -1.62000 1.73018 1.45541
v -1.61798 1.42285 -1.45125
v -1.61798 1.68099 -1.46704
v -1.61000 1.74605 1.71493
v -1.60500 1.61175 -0.48097
v -1.60500 1.61663 -0.40112
v -1.60500 1.62884 -0.20149
v -1.60500 1.63372 -0.12164
v -1.60500 1.64593 0.07799
v -1.60500 1.65082 0.15784
v -1.59000 1.59465 -0.76045
v -1.58562 1.62458 1.46187
v -1.58562 1.83578 1.44895
v -1.58000 1.45000 -1.26000
v -1.58000 1.45000 -0.86000
v -1.58000 1.91000 -1.26000
v -1.58000 1.91000 -0.86000
v -1.57753 1.64631 1.72103
v -1.57753 1.84579 1.70883
v -1.57349 1.51494 -0.47505
v -1.57349 1.51983 -0.39520
v -1.57349 1.53204 -0.19557
v -1.57349 1.53692 -0.11572
v -1.57349 1.54913 0.08391
v -1.57349 1.55401 0.16376
v -1.57349 1.70855 -0.48689
v -1.57349 1.71343 -0.40704
v -1.57349 1.72564 -0.20741
v -1.57349 1.73053 -0.12756
v -1.57349 1.74274 0.07206
v -1.57349 1.74762 0.15192
v -1.57144 1.70768 -1.27000
v -1.57144 1.70768 -0.85000
v -1.56925 1.49477 -0.39000
v -1.56925 1.49477 -0.17000
v -1.56500 1.59465 -0.76045
v -1.56135 1.50665 -0.75507
v -1.56135 1.68265 -0.76583
v -1.55200 1.73018 1.45541
v -1.55200 1.74849 1.75485
v -1.54113 1.52132 -0.75596
v -1.54113 1.66799 -0.76493
v -1.53061 1.66447 1.45943
v -1.53061 1.68278 1.75887
v -1.53061 1.79589 1.45139
v -1.53061 1.81420 1.75083
v -1.52200 1.74300 1.66502
v -1.52200 1.74971 1.77481
v -1.51416 1.35828 -0.88625
v -1.51416 1.81393 -0.91412
v -1.50798 1.34308 -1.44637
v -1.50798 1.76076 -1.47192
v -1.50634 1.69489 1.66796
v -1.50634 1.70161 1.77776
v -1.50634 1.79111 1.66208
v -1.50634 1.79782 1.77187
v -1.49562 1.55931 1.46586
v -1.49562 1.90105 1.44496
v -1.49253 1.58467 1.72480
v -1.49253 1.90743 1.70506
v -1.49099 1.45511 -0.47139
v -1.49099 1.46000 -0.39154
v -1.49099 1.47221 -0.19191
v -1.49099 1.47709 -0.11206
v -1.49099 1.48930 0.08757
v -1.49099 1.49418 0.16742
v -1.49099 1.76838 -0.49055
v -1.49099 1.77326 -0.41070
v -1.49099 1.78547 -0.21107
v -1.49099 1.79035 -0.13122
v -1.49099 1.80256 0.06841
v -1.49099 1.80745 0.14826
v -1.48791 1.60871 -0.39000
v -1.48791 1.60871 -0.17000
v -1.48635 1.45226 -0.75174
v -1.48635 1.73704 -0.76916
v -1.48465 1.48392 -1.27000
v -1.48465 1.48392 -0.85000
v -1.47881 2.14490 0.04441
v -1.47863 1.47599 -0.75319
v -1.47863 1.71331 -0.76771
v -1.47613 2.15961 -0.42062
v -1.47605 2.15200 0.05368
v -1.47461 1.62386 1.46191
v -1.47461 1.64217 1.76135
v -1.47461 1.83650 1.44891
v -1.47461 1.85481 1.74835
v -1.47362 2.16720 -0.41168
v -1.47355 2.14662 0.03376
v -1.47079 2.15372 0.04303
v -1.47029 2.16051 -0.43107
v -1.46803 2.16082 0.05230
v -1.46779 2.16811 -0.42212
v -1.46553 2.15544 0.03238
v -1.46534 1.66516 1.66978
v -1.46534 1.67187 1.77958
v -1.46534 1.82084 1.66026
v -1.46534 1.82756 1.77005
v -1.46529 2.17570 -0.41318
v -1.46277 2.16254 0.04165
v -1.46195 2.16901 -0.43257
v -1.45945 2.17661 -0.42362
v -1.44000 1.55192 -1.45914
v -1.44000 1.59465 -0.76045
v -1.44000 1.61175 -0.48097
v -1.44000 1.61663 -0.40112
v -1.44000 1.62884 -0.20149
v -1.44000 1.63372 -0.12164
v -1.44000 1.64593 0.07799
v -1.44000 1.65082 0.15784
v -1.44000 1.73018 1.45541
v -1.44000 1.74300 1.66502
v -1.44000 1.74849 1.75485
v -1.44000 1.74971 1.77481
v -1.41466 1.66516 1.66978
v -1.41466 1.67187 1.77958
v -1.41466 1.82084 1.66026
v -1.41466 1.82756 1.77005
v -1.40539 1.62386 1.46191
v -1.40539 1.64217 1.76135
v -1.40539 1.83650 1.44891
v -1.40539 1.85481 1.74835
v -1.40137 1.47599 -0.75319
v -1.40137 1.71331 -0.76771
v -1.39365 1.45226 -0.75174
v -1.39365 1.73704 -0.76916
v -1.39307 2.03049 -0.36179
v -1.38901 1.45511 -0.47139
v -1.38901 1.46000 -0.39154
v -1.38901 1.47221 -0.19191
v -1.38901 1.47709 -0.11206
v -1.38901 1.48930 0.08757
v -1.38901 1.49418 0.16742
v -1.38901 1.76838 -0.49055
v -1.38901 1.77326 -0.41070
v -1.38901 1.78547 -0.21107
v -1.38901 1.79035 -0.13122
v -1.38901 1.80256 0.06841
v -1.38901 1.80745 0.14826
v -1.38865 2.01626 0.09047
v -1.38826 1.91887 -0.84177
v -1.38747 1.58467 1.72480
v -1.38747 1.90743 1.70506
v -1.38447 1.91286 -0.85144
v -1.38438 1.55931 1.46586
v -1.38438 1.90105 1.44496
v -1.38284 1.92908 -0.83855
v -1.38199 2.06411 -0.32220
v -1.38000 0.61920 -0.95000
v -1.38000 0.64872 -1.02128
v -1.38000 0.64872 -0.87872
v -1.38000 0.72000 -1.05080
v -1.38000 0.72000 -0.95000
v -1.38000 0.72000 -0.84920
v -1.38000 0.79128 -1.02128
v -1.38000 0.79128 -0.87872
v -1.38000 0.82080 -0.95000
v -1.37905 1.92307 -0.84822
v -1.37678 2.04675 0.13029
v -1.37526 1.91706 -0.85789
v -1.37366 1.69489 1.66796
v -1.37366 1.70161 1.77776
v -1.37366 1.79111 1.66208
v -1.37366 1.79782 1.77187
v -1.37363 1.93328 -0.84500
v -1.37217 2.53089 -0.15171
v -1.37202 1.34308 -1.44637
v -1.37202 1.76076 -1.47192
v -1.37087 2.52835 -0.16337
v -1.36984 1.92727 -0.85467
v -1.36725 2.03449 -0.40803
v -1.36606 2.02363 0.04474
v -1.36584 1.35828 -0.88625
v -1.36584 1.81393 -0.91412
v -1.36495 2.53891 -0.14648
v -1.36364 2.53638 -0.15813
v -1.36234 2.53384 -0.16979
v -1.35800 1.74300 1.66502
v -1.35800 1.74971 1.77481
v -1.35642 2.54440 -0.15289
v -1.35512 2.54186 -0.16455
v -1.34939 1.66447 1.45943
v -1.34939 1.68278 1.75887
v -1.34939 1.79589 1.45139
v -1.34939 1.81420 1.75083
v -1.34509 2.10173 -0.32884
v -1.34232 2.08462 0.12437
v -1.33887 1.52132 -0.75596
v -1.33887 1.66799 -0.76493
v -1.33161 2.06150 0.03882
v -1.33035 2.07211 -0.41467
v -1.32945 2.45035 0.15515
v -1.32800 1.73018 1.45541
v -1.32800 1.74849 1.75485
v -1.32529 2.34957 -0.07407
v -1.32505 2.45614 0.16469
v -1.32410 2.45145 0.14446
v -1.32408 1.82968 -0.73770
v -1.32216 2.27648 0.36689
v -1.32193 2.34791 -0.08547
v -1.31974 2.09200 0.07863
v -1.31970 2.45724 0.15401
v -1.31929 2.35728 -0.06710
v -1.31927 2.10573 -0.37508
v -1.31865 1.50665 -0.75507
v -1.31865 1.68265 -0.76583
v -1.31850 2.27692 0.35547
v -1.31725 2.28378 0.37505
v -1.31592 2.35561 -0.07850
v -1.31529 2.46303 0.16355
v -1.31500 1.59465 -0.76045
v -1.31434 2.45835 0.14332
v -1.31359 2.28422 0.36363
v -1.31256 2.35395 -0.08990
v -1.30994 2.46413 0.15287
v -1.30992 2.28466 0.35221
v -1.30991 2.36332 -0.07153
v -1.30867 2.29152 0.37179
v -1.30835 1.80471 -0.77786
v -1.30655 2.36166 -0.08293
v -1.30651 1.51494 -0.47505
v -1.30651 1.51983 -0.39520
v -1.30651 1.53204 -0.19557
v -1.30651 1.53692 -0.11572
v -1.30651 1.54913 0.08391
v -1.30651 1.55401 0.16376
v -1.30651 1.70855 -0.48689
v -1.30651 1.71343 -0.40704
v -1.30651 1.72564 -0.20741
v -1.30651 1.73053 -0.12756
v -1.30651 1.74274 0.07206
v -1.30651 1.74762 0.15192
v -1.30501 2.29195 0.36038
v -1.30500 0.43164 -0.84218
v -1.30500 0.46388 -0.93684
v -1.30500 0.50764 -1.13015
v -1.30500 0.52630 -0.80993
v -1.30500 0.55854 -0.90459
v -1.30500 0.56756 -1.21022
v -1.30500 0.58771 -1.07024
v -1.30500 0.64762 -1.15030
v -1.30500 0.67266 -0.66314
v -1.30500 0.67408 -0.76313
v -1.30500 0.77265 -0.66172
v -1.30500 0.77407 -0.76171
v -1.30500 0.78725 -1.15623
v -1.30500 0.84487 -1.07450
v -1.30500 0.86897 -1.21386
v -1.30500 0.88445 -0.91278
v -1.30500 0.91400 -0.81724
v -1.30500 0.92660 -1.13213
v -1.30500 0.97998 -0.94233
v -1.30500 1.00953 -0.84679
v -1.30247 1.64631 1.72103
v -1.30247 1.84579 1.70883
v -1.30156 1.87208 -0.72431
v -1.30000 0.40642 -0.90491
v -1.30000 0.43183 -1.08160
v -1.30000 0.48058 -0.74254
v -1.30000 0.54872 -1.21651
v -1.30000 0.63075 -0.64603
v -1.30000 0.72000 -1.26680
v -1.30000 0.72000 -0.95000
v -1.30000 0.80925 -0.64603
v -1.30000 0.89128 -1.21651
v -1.30000 0.95942 -0.74254
v -1.30000 1.00817 -1.08160
v -1.30000 1.03358 -0.90491
v -1.30000 1.45000 -1.26000
v -1.30000 1.45000 -0.86000
v -1.30000 1.91000 -1.26000
v -1.30000 1.91000 -0.86000
v -1.29998 2.12203 0.49387
v -1.29826 2.12116 0.48203
v -1.29438 1.62458 1.46187
v -1.29438 1.83578 1.44895
v -1.29355 2.12988 0.50030
v -1.29184 2.12900 0.48845
v -1.29013 2.12812 0.47661
v -1.29000 0.59040 -0.95000
v -1.29000 0.62836 -1.04164
v -1.29000 0.62836 -0.85836
v -1.29000 0.72000 -1.07960
v -1.29000 0.72000 -0.95000
v -1.29000 0.72000 -0.82040
v -1.29000 0.81164 -1.04164
v -1.29000 0.81164 -0.85836
v -1.29000 0.84960 -0.95000
v -1.29000 1.59465 -0.76045
v -1.28770 2.37680 -0.08497
v -1.28654 2.40800 -0.56951
v -1.28556 2.40301 -0.58038
v -1.28542 2.13684 0.49488
v -1.28371 2.13596 0.48303
v -1.28139 2.36450 -0.14144
v -1.28000 0.49880 0.95000
v -1.28000 0.52258 0.89258
v -1.28000 0.52258 1.00742
v -1.28000 0.58000 0.86880
v -1.28000 0.58000 0.95000
v -1.28000 0.58000 1.03120
v -1.28000 0.63742 0.89258
v -1.28000 0.63742 1.00742
v -1.28000 0.66120 0.95000
v -1.27990 1.87862 -0.28994
v -1.27901 2.36111 -0.29633
v -1.27822 2.41577 -0.56570
v -1.27821 2.35682 -0.30751
v -1.27725 2.41078 -0.57657
v -1.27627 2.40580 -0.58744
v -1.27500 1.61175 -0.48097
v -1.27500 1.61663 -0.40112
v -1.27500 1.62884 -0.20149
v -1.27500 1.63372 -0.12164
v -1.27500 1.64593 0.07799
v -1.27500 1.65082 0.15784
v -1.27079 2.36886 -0.29228
v -1.27010 1.82214 -0.80463
v -1.27000 1.74605 1.71493
v -1.26999 2.36457 -0.30345
v -1.26919 2.36027 -0.31463
v -1.26893 2.41855 -0.57276
v -1.26796 2.41357 -0.58364
v -1.26751 1.86472 0.14660
v -1.26331 1.88951 -0.75108
v -1.26202 1.42285 -1.45125
v -1.26202 1.68099 -1.46704
v -1.26177 2.37232 -0.29940
v -1.26097 2.36802 -0.31058
v -1.26091 1.93626 -0.22206
v -1.26000 0.72000 -0.95000
v -1.26000 1.73018 1.45541
v -1.25650 2.21674 -0.01621
v -1.25592 2.29041 0.19560
v -1.25500 0.43164 -0.84218
v -1.25500 0.46388 -0.93684
v -1.25500 0.50764 -1.13015
v -1.25500 0.52630 -0.80993
v -1.25500 0.55854 -0.90459
v -1.25500 0.56756 -1.21022
v -1.25500 0.58771 -1.07024
v -1.25500 0.64762 -1.15030
v -1.25500 0.67266 -0.66314
v -1.25500 0.67408 -0.76313
v -1.25500 0.77265 -0.66172
v -1.25500 0.77407 -0.76171
v -1.25500 0.78725 -1.15623
v -1.25500 0.84487 -1.07450
v -1.25500 0.86897 -1.21386
v -1.25500 0.88445 -0.91278
v -1.25500 0.91400 -0.81724
v -1.25500 0.92660 -1.13213
v -1.25500 0.97998 -0.94233
v -1.25500 1.00953 -0.84679
v -1.25271 2.41567 -0.05960
v -1.24758 1.86454 -0.79124
v -1.24716 1.91700 0.21486
v -1.24584 1.44530 -0.89157
v -1.24584 1.72691 -0.90880
v -1.24346 2.21029 -0.06039
v -1.24259 2.59169 -0.80810
v -1.24235 2.13722 0.41062
v -1.24214 2.59821 -0.79803
v -1.24008 2.39108 -0.17253
v -1.23834 2.31350 0.23369
v -1.23563 1.88548 -0.36921
v -1.23488 1.72229 -0.61388
v -1.23456 2.29482 0.15296
v -1.23372 2.59244 -0.81614
v -1.23326 2.59896 -0.80607
v -1.23321 2.24661 0.01079
v -1.23281 2.60548 -0.79600
v -1.23232 2.27138 -0.47790
v -1.23000 0.05528 -1.03071
v -1.23000 0.09391 -0.71256
v -1.23000 0.16893 -1.33038
v -1.23000 0.27597 -0.44880
v -1.23000 0.40882 -1.54290
v -1.23000 0.55975 -0.29986
v -1.23000 0.72000 -1.61960
v -1.23000 0.72000 -0.95000
v -1.23000 0.88025 -0.29986
v -1.23000 1.03118 -1.54290
v -1.23000 1.16403 -0.44880
v -1.23000 1.27107 -1.33038
v -1.23000 1.34609 -0.71256
v -1.23000 1.38472 -1.03071
v -1.22879 1.87736 0.06820
v -1.22790 1.99418 0.53631
v -1.22779 2.24826 -0.52832
v -1.22506 2.13928 0.35680
v -1.22439 2.59972 -0.81411
v -1.22394 2.60623 -0.80405
v -1.22000 -0.13373 -1.05366
v -1.22000 -0.08411 -0.64504
v -1.22000 0.01223 -1.43854
v -1.22000 0.14971 -0.30628
v -1.22000 0.32034 -1.71149
v -1.22000 0.51419 -0.11499
v -1.22000 0.72000 -1.81000
v -1.22000 0.92581 -0.11499
v -1.22000 1.11966 -1.71149
v -1.22000 1.29029 -0.30628
v -1.22000 1.42777 -1.43854
v -1.22000 1.52411 -0.64504
v -1.22000 1.55192 -1.45914
v -1.22000 1.57373 -1.05366
v -1.21984 1.99005 0.48053
v -1.21920 2.17162 0.44910
v -1.21900 2.23569 -0.22631
v -1.21602 2.21973 -0.26781
v -1.21320 -0.06209 -1.25016
v -1.21320 -0.06209 -0.64984
v -1.21320 0.00684 -0.97053
v -1.21320 0.00684 -0.92947
v -1.21320 0.03501 -1.27409
v -1.21320 0.03501 -0.62591
v -1.21320 0.04816 -1.50208
v -1.21320 0.04816 -0.39792
v -1.21320 0.10393 -0.99446
v -1.21320 0.10393 -0.90554
v -1.21320 0.12301 -1.56839
v -1.21320 0.12301 -0.33161
v -1.21320 0.23914 -1.28651
v -1.21320 0.23914 -0.61349
v -1.21320 0.31231 -1.62752
v -1.21320 0.31231 -0.27248
v -1.21320 0.31399 -1.35282
v -1.21320 0.31399 -0.54718
v -1.21320 0.34777 -1.72103
v -1.21320 0.34777 -0.17897
v -1.21320 0.58160 -1.52540
v -1.21320 0.58160 -0.37460
v -1.21320 0.61706 -1.61890
v -1.21320 0.61706 -0.28110
v -1.21320 0.65781 -1.69703
v -1.21320 0.65781 -0.20297
v -1.21320 0.66986 -1.59776
v -1.21320 0.66986 -0.30224
v -1.21320 0.94371 -1.73174
v -1.21320 0.94371 -0.16826
v -1.21320 0.95576 -1.63247
v -1.21320 0.95576 -0.26753
v -1.21320 0.98209 -1.50190
v -1.21320 0.98209 -0.39810
v -1.21320 1.03890 -1.41960
v -1.21320 1.03890 -0.48040
v -1.21320 1.21911 -1.66550
v -1.21320 1.21911 -0.23450
v -1.21320 1.24634 -1.18033
v -1.21320 1.24634 -0.71967
v -1.21320 1.27592 -1.58320
v -1.21320 1.27592 -0.31680
v -1.21320 1.33488 -1.13386
v -1.21320 1.33488 -0.76614
v -1.21320 1.38018 -1.43534
v -1.21320 1.38018 -0.46466
v -1.21320 1.39000 -1.09400
v -1.21320 1.39000 -0.80600
v -1.21320 1.46872 -1.38887
v -1.21320 1.46872 -0.51113
v -1.21320 1.49000 -1.09400
v -1.21320 1.49000 -0.80600
v -1.21140 2.44225 -0.09069
v -1.21000 0.34941 -0.89672
v -1.21000 0.37943 -1.10553
v -1.21000 0.43705 -0.70482
v -1.21000 0.51758 -1.26497
v -1.21000 0.61452 -0.59077
v -1.21000 0.72000 -1.32440
v -1.21000 0.72000 -0.95000
v -1.21000 0.82548 -0.59077
v -1.21000 0.92242 -1.26497
v -1.21000 1.00295 -0.70482
v -1.21000 1.06057 -1.10553
v -1.21000 1.09059 -0.89672
v -1.20791 1.67948 -0.68273
v -1.20713 2.23371 -0.07757
v -1.20509 2.42995 -0.14716
v -1.20500 0.33537 1.04292
v -1.20500 0.36762 0.94827
v -1.20500 0.39533 0.80683
v -1.20500 0.43003 1.07517
v -1.20500 0.45525 0.72677
v -1.20500 0.46228 0.98051
v -1.20500 0.47539 0.86675
v -1.20500 0.53201 1.19067
v -1.20500 0.53342 1.09068
v -1.20500 0.53531 0.78669
v -1.20500 0.62062 0.78153
v -1.20500 0.63200 1.19208
v -1.20500 0.63341 1.09209
v -1.20500 0.67825 0.86325
v -1.20500 0.70031 0.97357
v -1.20500 0.70235 0.72390
v -1.20500 0.72986 1.06911
v -1.20500 0.75997 0.80563
v -1.20500 0.79584 0.94402
v -1.20500 0.82539 1.03955
v -1.20000 0.32740 0.98632
v -1.20000 0.34786 0.84399
v -1.20000 0.38713 1.11712
v -1.20000 0.44203 0.73531
v -1.20000 0.50810 1.19486
v -1.20000 0.58000 0.69480
v -1.20000 0.58000 0.95000
v -1.20000 0.65190 1.19486
v -1.20000 0.71797 0.73531
v -1.20000 0.77287 1.11712
v -1.20000 0.81214 0.84399
v -1.20000 0.83260 0.98632
v -1.20000 1.58610 -0.90019
v -1.19939 2.34100 0.22915
v -1.19766 2.00075 -0.23345
v -1.19766 2.03111 0.56656
v -1.19688 2.27003 -0.00639
v -1.19627 1.79497 -0.59094
v -1.19562 2.32232 0.14842
v -1.19376 2.30741 -0.46024
v -1.19000 0.47560 0.95000
v -1.19000 0.50618 0.87618
v -1.19000 0.50618 1.02382
v -1.19000 0.58000 0.84560
v -1.19000 0.58000 0.95000
v -1.19000 0.58000 1.05440
v -1.19000 0.65382 0.87618
v -1.19000 0.65382 1.02382
v -1.19000 0.68440 0.95000
v -1.18849 2.26447 -0.21126
v -1.18810 1.98192 0.20471
v -1.18470 2.26117 -0.56109
v -1.18462 2.17574 0.34145
v -1.18384 2.26358 -0.05057
v -1.18253 2.23256 -0.29426
v -1.18154 2.02284 0.45500
v -1.17876 2.20808 0.43375
v -1.17804 2.34541 0.18651
v -1.17238 1.94997 -0.38059
v -1.17064 2.19156 -0.01018
v -1.16973 1.94228 0.05805
v -1.16955 2.42623 -0.72148
v -1.16800 2.44840 -0.68722
v -1.16280 0.00525 -1.03679
v -1.16280 0.04679 -0.69468
v -1.16280 0.12745 -1.35901
v -1.16280 0.24255 -0.41107
v -1.16280 0.38540 -1.58753
v -1.16280 0.54769 -0.25092
v -1.16280 0.72000 -1.67000
v -1.16280 0.89231 -0.25092
v -1.16280 1.05460 -1.58753
v -1.16280 1.19745 -0.41107
v -1.16280 1.31255 -1.35901
v -1.16280 1.39321 -0.69468
v -1.16280 1.43475 -1.03679
v -1.16276 2.05569 0.05245
v -1.16147 2.21014 0.37993
v -1.15982 2.17048 -0.10697
v -1.15936 2.06390 0.54104
v -1.15534 2.09661 0.24515
v -1.15500 0.33537 1.04292
v -1.15500 0.36762 0.94827
v -1.15500 0.39533 0.80683
v -1.15500 0.43003 1.07517
v -1.15500 0.45525 0.72677
v -1.15500 0.46228 0.98051
v -1.15500 0.47539 0.86675
v -1.15500 0.53201 1.19067
v -1.15500 0.53342 1.09068
v -1.15500 0.53531 0.78669
v -1.15500 0.62062 0.78153
v -1.15500 0.63200 1.19208
v -1.15500 0.63341 1.09209
v -1.15500 0.67825 0.86325
v -1.15500 0.70031 0.97357
v -1.15500 0.70235 0.72390
v -1.15500 0.72986 1.06911
v -1.15500 0.75997 0.80563
v -1.15500 0.79584 0.94402
v -1.15500 0.82539 1.03955
v -1.15500 2.27730 -0.23771
v -1.15339 2.00760 -0.31272
v -1.15308 2.10404 -0.37212
v -1.15202 2.26134 -0.27921
v -1.15130 2.05977 0.48526
v -1.15067 2.32033 -0.49301
v -1.14942 2.88626 -0.21995
v -1.14938 1.99456 0.12630
v -1.14753 2.89079 -0.20900
v -1.14688 1.72469 0.23457
v -1.14662 1.73021 0.24522
v -1.14614 2.29721 -0.54343
v -1.14531 2.06441 -0.45855
v -1.14233 1.70935 -0.72863
v -1.14151 2.88831 -0.22874
v -1.14040 2.04464 -0.02329
v -1.13992 1.72859 0.22561
v -1.13965 1.73411 0.23626
v -1.13962 2.89284 -0.21779
v -1.13938 1.73963 0.24692
v -1.13934 2.42879 -0.74884
v -1.13773 2.89738 -0.20684
v -1.13732 2.08146 -0.14406
v -1.13625 2.47315 -0.68032
v -1.13268 1.73802 0.22731
v -1.13241 1.74354 0.23796
v -1.13221 2.05411 -0.21520
v -1.13171 2.89490 -0.22658
v -1.13164 1.97300 0.46114
v -1.13070 1.82484 -0.63683
v -1.13000 0.04453 0.88498
v -1.13000 0.07565 1.14127
v -1.13000 0.13608 0.64359
v -1.13000 0.22231 1.35375
v -1.13000 0.32933 0.47239
v -1.13000 0.45091 1.47373
v -1.13000 0.58000 0.41060
v -1.13000 0.58000 0.95000
v -1.13000 0.70909 1.47373
v -1.13000 0.83067 0.47239
v -1.13000 0.93769 1.35375
v -1.13000 1.02392 0.64359
v -1.13000 1.08435 1.14127
v -1.13000 1.11547 0.88498
v -1.12983 2.89943 -0.21563
v -1.12745 1.84323 0.58245
v -1.12519 2.13619 0.31045
v -1.12283 2.10689 0.09873
v -1.12159 1.66041 0.24851
v -1.12058 1.68123 0.28868
v -1.11872 2.10417 0.17206
v -1.11640 -0.05945 0.71053
v -1.11640 -0.05945 1.18947
v -1.11640 -0.00393 0.93579
v -1.11640 -0.00393 0.96421
v -1.11640 0.03152 0.51172
v -1.11640 0.03152 1.38828
v -1.11640 0.03764 0.68660
v -1.11640 0.03764 1.21340
v -1.11640 0.09316 0.91186
v -1.11640 0.09316 0.98814
v -1.11640 0.10637 0.44541
v -1.11640 0.10637 1.45459
v -1.11640 0.18536 0.68537
v -1.11640 0.18536 1.21463
v -1.11640 0.24814 0.41331
v -1.11640 0.24814 1.48669
v -1.11640 0.26021 0.61906
v -1.11640 0.26021 1.28094
v -1.11640 0.28360 0.31981
v -1.11640 0.28360 1.58019
v -1.11640 0.46506 0.49558
v -1.11640 0.46506 1.40442
v -1.11640 0.50052 0.40207
v -1.11640 0.50052 1.49793
v -1.11640 0.52873 0.33858
v -1.11640 0.52873 1.56142
v -1.11640 0.54078 0.43785
v -1.11640 0.54078 1.46215
v -1.11640 0.75904 0.31061
v -1.11640 0.75904 1.58939
v -1.11640 0.77109 0.40988
v -1.11640 0.77109 1.49012
v -1.11640 0.78561 0.49742
v -1.11640 0.78561 1.40258
v -1.11640 0.84241 0.57971
v -1.11640 0.84241 1.32029
v -1.11640 0.97654 0.36562
v -1.11640 0.97654 1.53438
v -1.11640 0.99538 0.75994
v -1.11640 0.99538 1.14006
v -1.11640 1.03335 0.44792
v -1.11640 1.03335 1.45208
v -1.11640 1.08393 0.80641
v -1.11640 1.08393 1.09359
v -1.11640 1.10320 0.55451
v -1.11640 1.10320 1.34549
v -1.11640 1.11000 0.83400
v -1.11640 1.11000 1.06600
v -1.11640 1.19175 0.60098
v -1.11640 1.19175 1.29902
v -1.11640 1.21000 0.83400
v -1.11640 1.21000 1.06600
v -1.11430 2.56805 0.43143
v -1.11364 1.83614 0.48683
v -1.11065 2.25820 0.03331
v -1.11021 2.56803 0.42015
v -1.11000 0.28147 0.99292
v -1.11000 0.30565 0.82471
v -1.11000 0.35207 1.14751
v -1.11000 0.41694 0.69628
v -1.11000 0.49503 1.23938
v -1.11000 0.58000 0.64840
v -1.11000 0.58000 0.95000
v -1.11000 0.66497 1.23938
v -1.11000 0.74306 0.69628
v -1.11000 0.80793 1.14751
v -1.11000 0.85435 0.82471
v -1.11000 0.87853 0.99292
v -1.10815 2.57371 0.44003
v -1.10759 2.45354 -0.74195
v -1.10604 2.47571 -0.70769
v -1.10406 2.57370 0.42875
v -1.10372 1.78204 -0.70568
v -1.10200 1.97653 0.36887
v -1.09996 2.57368 0.41747
v -1.09790 2.57937 0.43735
v -1.09532 1.67513 0.21474
v -1.09381 2.57935 0.42607
v -1.09330 1.71676 0.29507
v -1.09195 2.03198 0.52710
v -1.08901 2.21605 -0.16027
v -1.08697 2.16582 -0.34185
v -1.08502 2.13080 -0.11826
v -1.08441 1.58732 0.26725
v -1.08267 1.62301 0.33611
v -1.07812 2.08479 -0.05274
v -1.07561 1.90653 0.63432
v -1.07560 0.00423 0.88009
v -1.07560 0.03769 1.15567
v -1.07560 0.10267 0.62052
v -1.07560 0.19539 1.38414
v -1.07560 0.31046 0.43644
v -1.07560 0.44120 1.51315
v -1.07560 0.58000 0.37000
v -1.07560 0.71880 1.51315
v -1.07560 0.84954 0.43644
v -1.07560 0.96461 1.38414
v -1.07560 1.05733 0.62052
v -1.07560 1.12231 1.15567
v -1.07560 1.15577 0.88009
v -1.07517 2.69126 -0.17280
v -1.07480 2.07610 -0.26054
v -1.07289 2.22356 -0.61204
v -1.07144 2.08655 -0.51472
v -1.07024 2.26158 -0.55331
v -1.06803 1.71066 0.22112
v -1.06731 2.71014 -0.12720
v -1.06702 1.73148 0.26129
v -1.06055 2.14704 0.06928
v -1.06000 1.30000 -0.05000
v -1.05844 2.18334 0.30266
v -1.05821 2.39747 0.47439
v -1.05197 2.15131 0.16427
v -1.05000 0.52000 -0.95000
v -1.05000 0.52000 0.95000
v -1.05000 0.54929 -1.02071
v -1.05000 0.54929 -0.87929
v -1.05000 0.54929 0.87929
v -1.05000 0.54929 1.02071
v -1.05000 0.62000 -1.05000
v -1.05000 0.62000 -0.95000
v -1.05000 0.62000 -0.85000
v -1.05000 0.62000 0.85000
v -1.05000 0.62000 0.95000
v -1.05000 0.62000 1.05000
v -1.05000 0.69071 -1.02071
v -1.05000 0.69071 -0.87929
v -1.05000 0.69071 0.87929
v -1.05000 0.69071 1.02071
v -1.05000 0.72000 -0.95000
v -1.05000 0.72000 0.95000
v -1.04799 1.89236 0.44308
v -1.04224 2.69981 -0.20940
v -1.03985 2.30376 -0.01999
v -1.03980 2.39739 0.42359
v -1.03936 1.61255 0.20934
v -1.03819 2.13599 -0.00646
v -1.03590 1.68392 0.34707
v -1.03268 2.03903 0.34256
v -1.03209 1.11129 -0.39000
v -1.03209 1.11129 -0.17000
v -1.03051 2.42300 0.51313
v -1.02903 2.28268 -0.11678
v -1.02761 2.15279 -0.16360
v -1.02652 2.73757 -0.11821
v -1.02263 2.09448 0.50079
v -1.02250 2.12544 -0.23474
v -1.02182 2.19090 0.22957
v -1.02111 2.22796 -0.65896
v -1.01965 1.30000 -0.41618
v -1.01965 1.30000 0.31618
v -1.01581 2.30400 -0.54149
v -1.01310 2.18796 -0.39802
v -1.00996 1.96274 0.59056
v -1.00812 1.04239 -0.26770
v -1.00812 1.04239 0.16770
v -1.00812 1.55761 -0.26770
v -1.00812 1.55761 0.16770
v -1.00533 2.14832 -0.48445
v -1.00403 1.50178 -0.36572
v -1.00145 2.72724 -0.20041
v -0.99755 1.57855 -0.13788
v -0.99615 1.95566 0.49494
v -0.99368 2.42284 0.41153
v -0.99359 2.74612 -0.15482
v -0.99299 2.09801 0.40852
v -0.99259 1.67346 0.22030
v -0.99107 0.99910 1.02000
v -0.99086 1.70915 0.28916
v -0.98439 2.44844 0.50107
v -0.98413 0.89228 0.93966
v -0.98413 0.89228 1.10034
v -0.97791 1.45867 0.31425
v -0.97621 2.19082 0.52497
v -0.97551 1.50824 0.40989
v -0.97276 2.45397 -0.11174
v -0.97118 1.65860 -0.04360
v -0.96983 1.56559 0.26473
v -0.96668 2.27038 -0.64714
v -0.96657 1.44233 -0.46134
v -0.96597 2.44836 0.45027
v -0.96584 2.79796 -0.52583
v -0.96403 2.30840 -0.58841
v -0.96384 2.80375 -0.51551
v -0.96253 0.99028 0.88331
v -0.96253 0.99028 1.15669
v -0.95928 2.48634 -0.03358
v -0.95734 2.79766 -0.53429
v -0.95533 2.80344 -0.52398
v -0.95333 2.80923 -0.51366
v -0.95075 1.22523 -0.39000
v -0.95075 1.22523 -0.17000
v -0.95073 0.80854 1.02000
v -0.95041 1.60273 -0.33385
v -0.95000 0.47000 -0.90000
v -0.95000 0.47000 0.80000
v -0.95000 0.63000 -0.90000
v -0.95000 0.63000 0.80000
v -0.94683 2.80314 -0.53244
v -0.94482 2.80893 -0.52212
v -0.94463 2.19069 0.43789
v -0.94157 1.63820 0.35953
v -0.93976 1.74759 -0.16903
v -0.93725 2.62093 -0.45850
v -0.93607 1.58807 -0.24797
v -0.92979 2.94377 -0.15736
v -0.92897 1.69254 -0.28908
v -0.92872 2.23458 0.59139
v -0.92765 2.64863 -0.40912
v -0.92733 1.75376 0.01297
v -0.92544 2.94938 -0.14769
v -0.92502 1.08335 0.93966
v -0.92502 1.08335 1.10034
v -0.92366 1.72258 0.18795
v -0.92292 2.94240 -0.16711
v -0.92023 1.71577 -0.08584
v -0.91857 2.94801 -0.15744
v -0.91631 2.46863 -0.17449
v -0.91606 1.58315 0.15584
v -0.91535 1.49371 0.23383
v -0.91443 1.04531 -0.63141
v -0.91443 1.04531 0.53141
v -0.91443 1.55469 -0.63141
v -0.91443 1.55469 0.53141
v -0.91421 2.95363 -0.14777
v -0.91380 0.91051 0.80966
v -0.91380 0.91051 1.23034
v -0.91170 2.94664 -0.16718
v -0.91054 1.59284 0.42511
v -0.91000 2.20313 -1.36724
v -0.90734 2.95225 -0.15751
v -0.90686 0.80369 0.89000
v -0.90686 0.80369 1.15000
v -0.90191 2.74433 -0.08194
v -0.90169 0.78478 -0.05000
v -0.90169 1.30000 -0.75448
v -0.90169 1.30000 0.65448
v -0.90169 1.81522 -0.05000
v -0.89882 1.69512 0.35005
v -0.89655 2.61947 -0.49898
v -0.89261 1.70723 0.08276
v -0.88936 2.53337 -0.01816
v -0.88770 2.40685 -0.37189
v -0.88333 1.74816 -0.05942
v -0.88209 2.93192 -0.65807
v -0.88127 2.77096 -0.03609
v -0.88044 2.93803 -0.64788
v -0.88000 1.52000 -1.52000
v -0.87735 2.67487 -0.40023
v -0.87727 1.02860 0.80966
v -0.87727 1.02860 1.23034
v -0.87720 0.00525 -1.03679
v -0.87720 0.04679 -0.69468
v -0.87720 0.12745 -1.35901
v -0.87720 0.24255 -0.41107
v -0.87720 0.38540 -1.58753
v -0.87720 0.54769 -0.25092
v -0.87720 0.72000 -1.67000
v -0.87720 0.89231 -0.25092
v -0.87720 1.05460 -1.58753
v -0.87720 1.19745 -0.41107
v -0.87720 1.31255 -1.35901
v -0.87720 1.39321 -0.69468
v -0.87720 1.43475 -1.03679
v -0.87574 1.80808 0.12623
v -0.87549 1.48382 -0.52509
v -0.87500 2.12506 -1.38470
v -0.87341 2.93160 -0.66635
v -0.87192 2.18307 -1.27753
v -0.87192 2.22319 -1.45695
v -0.87181 1.54080 0.66088
v -0.87176 2.93771 -0.65615
v -0.87124 2.45433 -0.28725
v -0.87011 2.94382 -0.64595
v -0.86934 2.73782 -0.12813
v -0.86820 1.79369 0.25224
v -0.86557 2.23430 0.41722
v -0.86307 2.93739 -0.66442
v -0.86142 2.94350 -0.65423
v -0.86071 1.77881 -0.00820
v -0.85954 1.72837 0.34544
v -0.85932 1.64422 -0.39759
v -0.85910 0.74893 1.02000
v -0.85756 0.81000 -0.46408
v -0.85756 0.81000 0.36408
v -0.85756 1.79000 -0.46408
v -0.85756 1.79000 0.36408
v -0.85696 1.75010 0.44075
v -0.85469 1.82229 0.04881
v -0.85263 1.53096 0.52807
v -0.85259 2.50050 0.01225
v -0.85149 1.64471 0.55839
v -0.85071 1.50457 -1.45099
v -0.85071 1.53543 -1.58901
v -0.85039 1.57831 0.24904
v -0.85017 1.13360 1.02000
v -0.84965 2.27819 0.57072
v -0.84821 1.67764 -0.26379
v -0.84798 1.62788 0.34468
v -0.84797 1.70562 0.24854
v -0.84794 1.83339 -0.12699
v -0.84718 2.11040 -1.31914
v -0.84718 2.13972 -1.45025
v -0.84639 2.51566 -0.15907
v -0.84626 2.64571 -0.49009
v -0.84440 0.00423 0.88009
v -0.84440 0.03769 1.15567
v -0.84440 0.10267 0.62052
v -0.84440 0.19539 1.38414
v -0.84440 0.31046 0.43644
v -0.84440 0.44120 1.51315
v -0.84440 0.58000 0.37000
v -0.84440 0.71880 1.51315
v -0.84440 0.84954 0.43644
v -0.84440 0.96461 1.38414
v -0.84440 1.05733 0.62052
v -0.84440 1.12231 1.15567
v -0.84440 1.15577 0.88009
v -0.84309 2.74199 -0.57711
v -0.84049 1.74631 -0.14881
v -0.83666 2.67341 -0.44072
v -0.83525 2.77104 -0.52862
v -0.83403 1.67331 0.14174
v -0.83291 2.54803 -0.08091
v -0.83152 1.80009 -0.36504
v -0.83107 0.83955 0.79883
v -0.83107 0.83955 1.24117
v -0.82805 2.79108 -0.03644
v -0.82784 1.85290 -0.28347
v -0.82680 -0.06209 -1.25016
v -0.82680 -0.06209 -0.64984
v -0.82680 0.00684 -0.97053
v -0.82680 0.00684 -0.92947
v -0.82680 0.03501 -1.27409
v -0.82680 0.03501 -0.62591
v -0.82680 0.04816 -1.50208
v -0.82680 0.04816 -0.39792
v -0.82680 0.10393 -0.99446
v -0.82680 0.10393 -0.90554
v -0.82680 0.12301 -1.56839
v -0.82680 0.12301 -0.33161
v -0.82680 0.23914 -1.28651
v -0.82680 0.23914 -0.61349
v -0.82680 0.31231 -1.62752
v -0.82680 0.31231 -0.27248
v -0.82680 0.31399 -1.35282
v -0.82680 0.31399 -0.54718
v -0.82680 0.34777 -1.72103
v -0.82680 0.34777 -0.17897
v -0.82680 0.58160 -1.52540
v -0.82680 0.58160 -0.37460
v -0.82680 0.61706 -1.61890
v -0.82680 0.61706 -0.28110
v -0.82680 0.65781 -1.69703
v -0.82680 0.65781 -0.20297
v -0.82680 0.66986 -1.59776
v -0.82680 0.66986 -0.30224
v -0.82680 0.94371 -1.73174
v -0.82680 0.94371 -0.16826
v -0.82680 0.95576 -1.63247
v -0.82680 0.95576 -0.26753
v -0.82680 0.98209 -1.50190
v -0.82680 0.98209 -0.39810
v -0.82680 1.03890 -1.41960
v -0.82680 1.03890 -0.48040
v -0.82680 1.21911 -1.66550
v -0.82680 1.21911 -0.23450
v -0.82680 1.24634 -1.18033
v -0.82680 1.24634 -0.71967
v -0.82680 1.27592 -1.58320
v -0.82680 1.27592 -0.31680
v -0.82680 1.33488 -1.13386
v -0.82680 1.33488 -0.76614
v -0.82680 1.38018 -1.43534
v -0.82680 1.38018 -0.46466
v -0.82680 1.39000 -1.09400
v -0.82680 1.39000 -0.80600
v -0.82680 1.46872 -1.38887
v -0.82680 1.46872 -0.51113
v -0.82680 1.49000 -1.09400
v -0.82680 1.49000 -0.80600
v -0.82637 1.72330 -0.36710
v -0.82534 2.98439 0.24351
v -0.82473 2.98109 0.23199
v -0.82449 1.68823 0.83998
v -0.82407 1.56062 0.80851
v -0.82186 1.58476 -0.49321
v -0.82184 1.75769 -0.16951
v -0.82000 -0.13373 -1.05366
v -0.82000 -0.08411 -0.64504
v -0.82000 0.01223 -1.43854
v -0.82000 0.14971 -0.30628
v -0.82000 0.32034 -1.71149
v -0.82000 0.51419 -0.11499
v -0.82000 0.72000 -1.81000
v -0.82000 0.92581 -0.11499
v -0.82000 1.11966 -1.71149
v -0.82000 1.29029 -0.30628
v -0.82000 1.42777 -1.43854
v -0.82000 1.52411 -0.64504
v -0.82000 1.57373 -1.05366
v -0.81808 2.27806 0.48364
v -0.81793 2.40435 -0.44129
v -0.81719 2.54615 0.09084
v -0.81628 1.56949 0.86669
v -0.81612 2.75794 -0.12848
v -0.81585 2.98950 0.24880
v -0.81524 2.98619 0.23728
v -0.81463 2.98288 0.22576
v -0.81123 1.11284 0.89000
v -0.81123 1.11284 1.15000
v -0.81033 1.64960 0.43023
v -0.81000 0.05528 -1.03071
v -0.81000 0.09391 -0.71256
v -0.81000 0.16893 -1.33038
v -0.81000 0.27597 -0.44880
v -0.81000 0.40882 -1.54290
v -0.81000 0.55000 -1.30000
v -0.81000 0.55000 1.20000
v -0.81000 0.55975 -0.29986
v -0.81000 0.72000 -1.61960
v -0.81000 0.72000 -0.95000
v -0.81000 0.88025 -0.29986
v -0.81000 0.89000 -1.30000
v -0.81000 0.89000 1.20000
v -0.81000 0.97834 1.41747
v -0.81000 1.03118 -1.54290
v -0.81000 1.16403 -0.44880
v -0.81000 1.27107 -1.33038
v -0.81000 1.34609 -0.71256
v -0.81000 1.38472 -1.03071
v -0.80611 1.76299 0.04185
v -0.80576 1.74592 0.23654
v -0.80575 2.99130 0.24257
v -0.80514 2.98799 0.23105
v -0.80360 -0.05945 0.71053
v -0.80360 -0.05945 1.18947
v -0.80360 -0.00393 0.93579
v -0.80360 -0.00393 0.96421
v -0.80360 0.03152 0.51172
v -0.80360 0.03152 1.38828
v -0.80360 0.03764 0.68660
v -0.80360 0.03764 1.21340
v -0.80360 0.09316 0.91186
v -0.80360 0.09316 0.98814
v -0.80360 0.10637 0.44541
v -0.80360 0.10637 1.45459
v -0.80360 0.18536 0.68537
v -0.80360 0.18536 1.21463
v -0.80360 0.24814 0.41331
v -0.80360 0.24814 1.48669
v -0.80360 0.26021 0.61906
v -0.80360 0.26021 1.28094
v -0.80360 0.28360 0.31981
v -0.80360 0.28360 1.58019
v -0.80360 0.46506 0.49558
v -0.80360 0.46506 1.40442
v -0.80360 0.50052 0.40207
v -0.80360 0.50052 1.49793
v -0.80360 0.52873 0.33858
v -0.80360 0.52873 1.56142
v -0.80360 0.54078 0.43785
v -0.80360 0.54078 1.46215
v -0.80360 0.75904 0.31061
v -0.80360 0.75904 1.58939
v -0.80360 0.77109 0.40988
v -0.80360 0.77109 1.49012
v -0.80360 0.78561 0.49742
v -0.80360 0.78561 1.40258
v -0.80360 0.84241 0.57971
v -0.80360 0.84241 1.32029
v -0.80360 0.97654 0.36562
v -0.80360 0.97654 1.53438
v -0.80360 0.99538 0.75994
v -0.80360 0.99538 1.14006
v -0.80360 1.03335 0.44792
v -0.80360 1.03335 1.45208
v -0.80360 1.08393 0.80641
v -0.80360 1.08393 1.09359
v -0.80360 1.10320 0.55451
v -0.80360 1.10320 1.34549
v -0.80360 1.11000 0.83400
v -0.80360 1.11000 1.06600
v -0.80360 1.19175 0.60098
v -0.80360 1.19175 1.29902
v -0.80360 1.21000 0.83400
v -0.80360 1.21000 1.06600
v -0.80179 2.74047 -0.61646
v -0.80000 0.94000 0.76000
v -0.80000 0.94000 1.28000
v -0.79982 1.62872 0.73291
v -0.79782 1.68823 0.79117
v -0.79674 2.48934 -0.06694
v -0.79636 1.72662 0.65000
v -0.79547 2.78456 -0.08263
v -0.79243 1.90064 0.18664
v -0.79000 0.04453 0.88498
v -0.79000 0.07565 1.14127
v -0.79000 0.13608 0.64359
v -0.79000 0.22231 1.35375
v -0.79000 0.32933 0.47239
v -0.79000 0.45091 1.47373
v -0.79000 0.58000 0.41060
v -0.79000 0.58000 0.95000
v -0.79000 0.70909 1.47373
v -0.79000 0.83067 0.47239
v -0.79000 0.93769 1.35375
v -0.79000 0.95000 1.26000
v -0.79000 1.02392 0.64359
v -0.79000 1.08435 1.14127
v -0.79000 1.11547 0.88498
v -0.78877 0.76716 0.89000
v -0.78877 0.76716 1.15000
v -0.78611 2.79857 -0.51948
v -0.78589 2.78089 0.32451
v -0.78502 2.49931 -0.27201
v -0.78327 2.76674 0.27519
v -0.78170 1.84945 0.21133
v -0.78093 2.51209 -0.47342
v -0.78000 0.72000 -0.95000
v -0.78000 1.49818 -1.42241
v -0.78000 1.52000 -1.52000
v -0.78000 1.54182 -1.61759
v -0.78000 2.10432 -1.29199
v -0.78000 2.14579 -1.47741
v -0.78000 2.17476 -1.24037
v -0.78000 2.20313 -1.36724
v -0.78000 2.23150 -1.49411
v -0.77495 1.85283 -0.01416
v -0.77305 1.66217 0.91936
v -0.77238 1.45569 0.86845
v -0.77161 1.78659 0.83717
v -0.77091 1.56949 0.78364
v -0.77000 0.97834 1.41747
v -0.76984 1.64265 0.83372
v -0.76893 1.04045 0.79883
v -0.76893 1.04045 1.24117
v -0.76785 1.81484 -0.11297
v -0.76755 1.56289 0.81032
v -0.76749 2.56189 -0.39030
v -0.76614 1.56843 0.85302
v -0.76424 1.81558 0.42993
v -0.76236 1.84209 -0.08223
v -0.76145 1.60903 0.46730
v -0.75960 1.80620 -0.43020
v -0.75727 2.94436 -0.50096
v -0.75532 2.95075 -0.49099
v -0.75525 1.77110 0.23773
v -0.75435 0.84612 1.44127
v -0.75435 1.11057 1.39367
v -0.75406 1.75921 0.62535
v -0.75264 2.76800 -0.60732
v -0.75224 1.91181 -0.26706
v -0.75065 1.83410 0.10614
v -0.75000 0.98543 1.45684
v -0.74983 0.74640 1.02000
v -0.74910 1.64265 0.79575
v -0.74866 2.94342 -0.50927
v -0.74679 1.78978 0.90201
v -0.74671 2.94980 -0.49930
v -0.74571 1.45569 0.81963
v -0.74534 1.86414 -0.20501
v -0.74528 2.80275 0.34715
v -0.74480 2.79705 -0.55883
v -0.74476 2.95619 -0.48933
v -0.74417 1.14259 -0.97967
v -0.74417 1.14259 0.87967
v -0.74417 1.45741 -0.97967
v -0.74417 1.45741 0.87967
v -0.74099 1.62636 0.88936
v -0.74090 1.13107 1.02000
v -0.74084 1.51845 0.93695
v -0.74021 0.83169 1.28130
v -0.74021 1.06831 1.23870
v -0.74005 2.77444 0.24851
v -0.74000 1.16000 1.03000
v -0.73810 2.94886 -0.50760
v -0.73727 1.49731 0.85151
v -0.73614 2.95525 -0.49763
v -0.73541 0.61199 -0.26523
v -0.73541 0.61199 0.16523
v -0.73541 1.98801 -0.26523
v -0.73541 1.98801 0.16523
v -0.73476 1.70412 0.82823
v -0.73455 1.80909 -0.32506
v -0.73318 1.95960 -0.17331
v -0.73171 2.44933 -0.42605
v -0.73085 1.56843 0.78843
v -0.72948 0.88318 -0.83763
v -0.72948 0.88318 0.73763
v -0.72948 1.71682 -0.83763
v -0.72948 1.71682 0.73763
v -0.72607 0.87396 1.43626
v -0.72607 1.08273 1.39868
v -0.72604 2.52840 0.41925
v -0.72596 2.58064 0.09025
v -0.72579 2.76368 -0.41702
v -0.72273 0.85140 0.80966
v -0.72273 0.85140 1.23034
v -0.72254 1.70611 0.87479
v -0.72156 2.50414 0.33470
v -0.72086 1.53653 0.90036
v -0.71692 2.79272 -0.37167
v -0.71653 1.49731 0.81354
v -0.71525 2.49681 -0.34141
v -0.71405 1.73641 0.39369
v -0.71339 1.82608 0.32842
v -0.71282 2.11040 -1.31914
v -0.71282 2.13972 -1.45025
v -0.71192 0.89496 1.47312
v -0.71192 1.07590 1.44055
v -0.71183 1.16000 0.84964
v -0.71183 1.16000 1.21036
v -0.71054 1.95676 0.03073
v -0.71032 2.02555 -0.05575
v -0.71021 1.75902 0.50440
v -0.71012 2.50949 -0.54087
v -0.70929 1.50457 -1.45099
v -0.70929 1.53543 -1.58901
v -0.70863 1.70679 0.67214
v -0.70550 2.52383 -0.06753
v -0.70378 0.97599 0.92278
v -0.70378 0.97599 1.13722
v -0.70378 1.34401 0.92278
v -0.70378 1.34401 1.13722
v -0.70364 1.78978 0.82303
v -0.70323 1.66217 0.79156
v -0.70244 2.97045 -0.84949
v -0.70205 2.81045 0.32047
v -0.70136 2.97631 -0.83908
v -0.70008 1.81343 0.61346
v -0.70000 1.48306 -1.77519
v -0.70000 1.69867 -1.81890
v -0.70000 1.74133 -0.50110
v -0.70000 1.95694 -0.54481
v -0.70000 2.37000 -1.16000
v -0.70000 2.40808 -1.25192
v -0.70000 2.40808 -1.06808
v -0.70000 2.50000 -1.29000
v -0.70000 2.50000 -1.16000
v -0.70000 2.50000 -1.03000
v -0.70000 2.59192 -1.25192
v -0.70000 2.59192 -1.06808
v -0.70000 2.63000 -1.16000
v -0.69944 2.79630 0.27115
v -0.69591 1.98229 0.21914
v -0.69408 1.96392 0.11262
v -0.69314 1.07631 0.89000
v -0.69314 1.07631 1.15000
v -0.69296 2.96936 -0.85678
v -0.69189 2.97523 -0.84636
v -0.69183 2.00172 0.13929
v -0.69081 2.98109 -0.83595
v -0.68945 1.69695 0.53934
v -0.68898 1.70611 0.81336
v -0.68810 1.81998 0.71760
v -0.68808 2.18307 -1.27753
v -0.68808 2.22319 -1.45695
v -0.68669 1.62636 0.78996
v -0.68662 2.75938 -0.45479
v -0.68620 0.96949 0.80966
v -0.68620 0.96949 1.23034
v -0.68567 1.67641 0.92290
v -0.68500 2.12506 -1.38470
v -0.68410 1.74225 0.97222
v -0.68400 1.86512 -0.41380
v -0.68324 2.60909 -0.37462
v -0.68296 1.39097 0.88560
v -0.68269 2.62341 0.74649
v -0.68241 2.97414 -0.85364
v -0.68133 2.98001 -0.84323
v -0.68065 2.62504 0.75820
v -0.68032 1.91792 -0.33222
v -0.68000 1.03000 1.44000
v -0.68000 1.52000 -1.52000
v -0.67935 1.45686 0.85850
v -0.67905 1.93465 -0.02182
v -0.67673 2.78247 -0.76347
v -0.67498 0.79665 0.93966
v -0.67498 0.79665 1.10034
v -0.67396 2.62549 0.73853
v -0.67391 2.54428 -0.31011
v -0.67356 1.60000 0.94143
v -0.67298 2.80290 -0.72720
v -0.67257 1.74534 0.86221
v -0.67211 1.85254 0.89153
v -0.67192 2.62713 0.75024
v -0.67103 1.51845 0.80916
v -0.67011 2.56948 0.01107
v -0.66988 2.62876 0.76195
v -0.66985 1.47095 0.90358
v -0.66887 2.81748 -0.36409
v -0.66656 1.53653 0.80096
v -0.66318 2.62921 0.74228
v -0.66315 1.62000 0.99898
v -0.66248 1.41352 0.94807
v -0.66114 2.63085 0.75399
v -0.66000 1.88000 -1.12000
v -0.66000 2.40000 -1.12000
v -0.65893 1.81833 0.48531
v -0.65869 2.59407 -0.23237
v -0.65854 2.45748 0.75095
v -0.65643 2.56586 0.45806
v -0.65168 2.46299 0.79035
v -0.65143 1.52359 0.94161
v -0.65000 0.43755 1.21177
v -0.65000 0.51177 1.50245
v -0.65000 0.72823 1.13755
v -0.65000 0.80245 1.42823
v -0.65000 2.20313 -1.36724
v -0.64927 1.07146 1.02000
v -0.64746 2.51734 0.28897
v -0.64676 2.04569 0.32830
v -0.64372 2.77869 -0.78884
v -0.64371 1.72905 0.91785
v -0.64117 1.03000 1.32434
v -0.64117 1.03000 1.55566
v -0.63858 2.78414 -0.44720
v -0.63837 0.97808 0.74363
v -0.63837 0.97808 1.31637
v -0.63837 1.34192 0.74363
v -0.63837 1.34192 1.31637
v -0.63810 2.55045 -0.65402
v -0.63747 0.88972 0.88331
v -0.63747 0.88972 1.15669
v -0.63629 1.47095 0.84215
v -0.63628 1.95613 -0.26970
v -0.63623 2.81955 -0.71629
v -0.63214 1.97711 -0.05642
v -0.63167 2.58546 -0.59183
v -0.63034 0.92000 1.37202
v -0.63034 0.92000 1.50798
v -0.63034 1.14000 1.37202
v -0.63034 1.14000 1.50798
v -0.62970 2.81319 -0.40185
v -0.62948 0.79199 1.03000
v -0.62948 1.16000 0.68302
v -0.62948 1.16000 1.37698
v -0.62948 1.52801 1.03000
v -0.62931 1.49775 1.00215
v -0.62916 2.46449 0.72416
v -0.62884 2.74749 0.56351
v -0.62857 1.67641 0.81839
v -0.62778 1.88000 -1.19778
v -0.62778 1.88000 -1.04222
v -0.62778 2.40000 -1.19778
v -0.62778 2.40000 -1.04222
v -0.62587 2.55668 -0.52520
v -0.62349 2.75098 0.57367
v -0.62305 0.62557 -0.61994
v -0.62305 0.62557 0.51994
v -0.62305 1.97443 -0.61994
v -0.62305 1.97443 0.51994
v -0.62272 2.74752 0.55319
v -0.62241 2.25212 0.75858
v -0.62067 1.82648 0.97091
v -0.62000 0.78269 1.29012
v -0.62000 0.79135 1.45113
v -0.62000 0.83072 1.44404
v -0.62000 0.85749 1.47987
v -0.62000 0.95000 1.26000
v -0.62000 0.97834 1.41747
v -0.62000 0.98543 1.45684
v -0.62000 1.11337 1.43381
v -0.62000 1.11731 1.22988
v -0.62000 1.12597 1.39090
v -0.62000 1.16534 1.38381
v -0.62000 2.23370 -1.24652
v -0.62000 2.23370 -1.07348
v -0.62000 2.33542 -1.38652
v -0.62000 2.33542 -0.93348
v -0.62000 2.35000 -1.16000
v -0.62000 2.39393 -1.26607
v -0.62000 2.39393 -1.05393
v -0.62000 2.50000 -1.44000
v -0.62000 2.50000 -1.31000
v -0.62000 2.50000 -1.16000
v -0.62000 2.50000 -1.01000
v -0.62000 2.50000 -0.88000
v -0.62000 2.60607 -1.26607
v -0.62000 2.60607 -1.05393
v -0.62000 2.65000 -1.16000
v -0.62000 2.66458 -1.38652
v -0.62000 2.66458 -0.93348
v -0.62000 2.76630 -1.24652
v -0.62000 2.76630 -1.07348
v -0.61933 1.41352 0.86909
v -0.61835 1.96679 0.10916
v -0.61737 2.75100 0.56335
v -0.61587 0.98772 0.93966
v -0.61587 0.98772 1.10034
v -0.61543 2.47550 0.80297
v -0.61373 2.57707 0.59287
v -0.61344 1.66347 0.95904
v -0.61243 2.60648 -0.44208
v -0.61201 2.75449 0.57350
v -0.61125 2.75103 0.55302
v -0.61069 1.74225 0.83785
v -0.61064 2.26156 0.82613
v -0.61015 1.72905 0.85642
v -0.61000 1.78000 -1.60000
v -0.61000 1.78000 -0.68000
v -0.61000 2.34000 -1.60000
v -0.61000 2.34000 -0.68000
v -0.60893 0.88090 1.02000
v -0.60743 1.45466 0.89779
v -0.60697 2.79534 -0.77793
v -0.60676 2.53692 -0.37485
v -0.60644 1.60000 0.81857
v -0.60590 2.75452 0.56318
v -0.60322 2.81577 -0.74165
v -0.60065 1.74314 0.90150
v -0.60040 1.81960 0.47570
v -0.59971 2.03123 -0.23703
v -0.59867 0.81000 0.82605
v -0.59867 0.81000 1.23395
v -0.59867 1.51000 0.82605
v -0.59867 1.51000 1.23395
v -0.59471 2.06704 0.16069
v -0.59433 1.52359 0.83710
v -0.59331 1.57364 0.97004
v -0.59291 2.47700 0.73678
v -0.59237 2.59098 0.63338
v -0.59102 1.49389 0.94664
v -0.59057 2.08802 -0.03458
v -0.58933 2.57718 0.55170
v -0.58604 2.48251 0.77618
v -0.58467 2.36716 0.62942
v -0.58233 2.57906 0.41233
v -0.58151 2.54397 -0.69750
v -0.58104 2.10039 -0.12158
v -0.57829 1.88056 0.68889
v -0.57784 2.55480 0.32779
v -0.57752 1.82648 0.89193
v -0.57685 1.62000 0.84102
v -0.57633 2.63651 -0.21937
v -0.57203 2.26414 0.71267
v -0.57000 1.66590 -1.66752
v -0.57000 1.78351 -1.69136
v -0.57000 1.87649 -0.62864
v -0.57000 1.99410 -0.65248
v -0.56897 1.72155 1.03084
v -0.56866 2.61400 -0.57312
v -0.56789 1.38746 0.94847
v -0.56347 1.70269 0.94646
v -0.55914 1.66347 0.85964
v -0.55787 1.54858 1.42000
v -0.55746 1.49389 0.88521
v -0.55727 0.46636 -0.05000
v -0.55727 1.30000 -1.18987
v -0.55727 1.30000 1.08987
v -0.55727 2.13364 -0.05000
v -0.55704 1.84903 0.95440
v -0.55669 0.84286 1.44000
v -0.55669 1.21714 1.44000
v -0.55590 1.49775 0.86778
v -0.55527 1.97987 0.60355
v -0.55000 0.96202 1.26202
v -0.55000 0.96202 1.61798
v -0.55000 1.09798 1.26202
v -0.55000 1.09798 1.61798
v -0.55000 1.88000 -1.23000
v -0.55000 1.88000 -1.12000
v -0.55000 1.88000 -1.01000
v -0.55000 2.40000 -1.23000
v -0.55000 2.40000 -1.12000
v -0.55000 2.40000 -1.01000
v -0.54915 1.63157 0.97157
v -0.54905 1.94618 0.48613
v -0.54849 2.28302 0.84776
v -0.54806 2.39100 0.69886
v -0.54662 2.60499 0.63271
v -0.54524 1.49588 0.93177
v -0.54358 2.59119 0.55104
v -0.54285 2.36734 0.55885
v -0.54273 1.70269 0.90849
v -0.53901 1.57364 0.87064
v -0.53677 1.57783 1.04844
v -0.53636 1.45022 1.01697
v -0.53503 2.04244 -0.03502
v -0.53466 2.84760 0.76329
v -0.53444 1.88037 0.56794
v -0.53400 1.50260 1.38292
v -0.53400 1.50260 1.45708
v -0.53286 2.64637 0.77805
v -0.53090 1.55735 0.96425
v -0.53000 0.99716 -1.13408
v -0.53000 0.99716 1.03408
v -0.53000 1.60284 -1.13408
v -0.53000 1.60284 1.03408
v -0.52982 1.53834 1.35691
v -0.52982 1.53834 1.48309
v -0.52889 2.84975 0.77359
v -0.52876 2.84823 0.75286
v -0.52808 0.89496 1.47312
v -0.52808 1.07590 1.44055
v -0.52440 2.57936 -0.36185
v -0.52299 2.85038 0.76316
v -0.52222 2.60509 0.59154
v -0.52004 2.09359 0.32748
v -0.51984 2.05506 -0.40334
v -0.51951 1.04756 0.57210
v -0.51951 1.04756 1.48790
v -0.51951 1.27244 0.57210
v -0.51951 1.27244 1.48790
v -0.51850 2.57251 -0.67879
v -0.51722 2.85253 0.77346
v -0.51708 2.85101 0.75273
v -0.51653 2.01860 -0.24853
v -0.51631 2.08740 0.07354
v -0.51630 2.08400 -0.06805
v -0.51548 2.39843 0.79635
v -0.51393 0.87396 1.43626
v -0.51393 1.08273 1.39868
v -0.51386 1.63157 0.90698
v -0.51340 0.66857 0.92399
v -0.51340 0.66857 1.13601
v -0.51340 1.65143 0.92399
v -0.51340 1.65143 1.13601
v -0.51245 1.63711 0.94968
v -0.51207 2.60752 -0.61661
v -0.51132 2.85316 0.76303
v -0.51092 2.10369 -0.31697
v -0.51016 1.55735 0.92628
v -0.51011 1.81166 0.78680
v -0.50999 1.56836 1.38292
v -0.50999 1.56836 1.45708
v -0.50989 2.28560 0.73430
v -0.50926 0.86227 0.64206
v -0.50926 0.86227 1.41794
v -0.50926 1.45773 0.64206
v -0.50926 1.45773 1.41794
v -0.50918 2.62915 -0.28411
v -0.50545 2.65659 0.82702
v -0.50500 1.32000 1.50000
v -0.50479 2.64936 0.72849
v -0.50136 2.02761 -0.33071
v -0.50034 0.85202 1.33000
v -0.50034 0.85202 1.55000
v -0.50034 1.20798 1.33000
v -0.50034 1.20798 1.55000
v -0.49979 0.83169 1.28130
v -0.49979 1.06831 1.23870
v -0.49916 1.72155 0.90305
v -0.49812 2.29504 0.80184
v -0.49517 2.15315 0.03992
v -0.49491 1.84000 -1.23116
v -0.49429 1.78431 1.02037
v -0.49376 1.82478 0.88062
v -0.49367 2.08455 -0.13097
v -0.49321 1.45022 0.93799
v -0.49182 2.87502 0.44187
v -0.49163 2.01469 0.10834
v -0.49000 0.98543 1.45684
v -0.48919 1.46012 1.42000
v -0.48765 2.61182 0.50847
v -0.48565 0.84612 1.44127
v -0.48565 1.11057 1.39367
v -0.48447 2.86547 0.38630
v -0.48386 3.08642 0.38361
v -0.48231 3.08440 0.37188
v -0.48185 1.32000 1.42640
v -0.48185 1.32000 1.57360
v -0.47935 1.91803 0.70923
v -0.47540 1.23750 1.45674
v -0.47540 1.23750 1.54326
v -0.47540 1.40250 1.45674
v -0.47540 1.40250 1.54326
v -0.47506 2.59543 0.41321
v -0.47445 3.08924 0.39051
v -0.47290 3.08722 0.37878
v -0.47222 1.88000 -1.19778
v -0.47222 1.88000 -1.04222
v -0.47222 2.40000 -1.19778
v -0.47222 2.40000 -1.04222
v -0.47135 1.49397 1.32292
v -0.47135 1.49397 1.51708
v -0.47135 3.08520 0.36705
v -0.47000 0.97834 1.41747
v -0.46963 2.41501 0.69772
v -0.46909 1.67051 1.05636
v -0.46849 2.41595 0.88029
v -0.46839 1.45341 1.00283
v -0.46762 1.78431 0.97155
v -0.46736 2.40357 0.71138
v -0.46695 1.57783 0.92064
v -0.46441 2.39136 0.55771
v -0.46403 2.16594 -0.09981
v -0.46350 3.09004 0.38568
v -0.46195 3.08802 0.37395
v -0.45992 0.45458 -0.39826
v -0.45992 0.45458 0.29826
v -0.45992 2.14542 -0.39826
v -0.45992 2.14542 0.29826
v -0.45858 2.03191 0.65746
v -0.45652 1.53461 1.32292
v -0.45652 1.53461 1.51708
v -0.45482 1.84000 -0.95229
v -0.45298 2.78138 0.89378
v -0.45084 0.72397 -0.97218
v -0.45084 0.72397 0.87218
v -0.45084 1.87603 -0.97218
v -0.45084 1.87603 0.87218
v -0.45000 0.95000 1.26000
v -0.45000 0.97436 -1.46729
v -0.45000 0.98634 -1.58669
v -0.45000 1.11366 -1.45331
v -0.45000 1.12564 -1.57271
v -0.44997 2.66981 0.82642
v -0.44931 2.66258 0.72789
v -0.44835 1.57199 1.42000
v -0.44773 2.78201 0.88301
v -0.44748 1.44799 1.36000
v -0.44748 1.44799 1.48000
v -0.44725 2.88839 0.47456
v -0.44657 2.78348 0.90371
v -0.44613 1.96451 0.42261
v -0.44248 2.07809 0.21750
v -0.44218 1.55177 1.04883
v -0.44132 2.78412 0.89293
v -0.44130 2.58178 0.90735
v -0.44125 2.04606 -0.46373
v -0.44014 1.82835 0.72303
v -0.44000 1.88000 -1.12000
v -0.44000 2.40000 -1.12000
v -0.43607 2.78475 0.88216
v -0.43554 3.10687 -0.07038
v -0.43552 1.98000 -1.22262
v -0.43496 0.67827 0.74929
v -0.43496 0.67827 1.31071
v -0.43496 1.64173 0.74929
v -0.43496 1.64173 1.31071
v -0.43492 2.78622 0.90286
v -0.43256 2.86927 0.36341
v -0.43226 0.90419 1.37819
v -0.43226 1.21581 1.42181
v -0.43151 2.03620 0.63429
v -0.43149 1.17964 1.50000
v -0.43149 1.46036 1.50000
v -0.43083 3.10413 -0.08107
v -0.43000 0.97834 1.41747
v -0.42967 2.78685 0.89209
v -0.42870 3.11198 -0.06195
v -0.42850 1.95114 0.80567
v -0.42780 2.41520 0.62715
v -0.42750 1.26901 1.38674
v -0.42750 1.26901 1.61326
v -0.42750 1.37099 1.38674
v -0.42750 1.37099 1.61326
v -0.42704 1.86492 0.83606
v -0.42399 3.10925 -0.07264
v -0.42372 1.67051 0.97331
v -0.42340 2.14332 -0.29099
v -0.42304 2.07378 -0.15797
v -0.42272 2.69904 0.03766
v -0.42190 2.67280 0.77685
v -0.42126 1.91828 0.61121
v -0.42067 2.58426 0.86502
v -0.42000 0.81000 1.44000
v -0.42000 0.91434 1.25286
v -0.42000 0.91434 1.62714
v -0.42000 1.03000 1.22000
v -0.42000 1.03000 1.66000
v -0.42000 1.14566 1.25286
v -0.42000 1.14566 1.62714
v -0.42000 1.25000 1.44000
v -0.42000 2.29000 -1.53000
v -0.42000 2.29000 -0.75000
v -0.42000 2.43000 -1.53000
v -0.42000 2.43000 -0.75000
v -0.41929 3.10652 -0.08333
v -0.41716 3.11437 -0.06421
v -0.41674 2.33463 0.92359
v -0.41614 2.59006 0.94636
v -0.41596 2.96475 -0.05342
v -0.41593 1.67938 1.03149
v -0.41551 1.55177 1.00002
v -0.41535 2.15608 -1.27000
v -0.41535 2.15608 -0.85000
v -0.41484 3.01020 -0.19905
v -0.41431 3.23004 -0.26109
v -0.41402 2.01345 0.50198
v -0.41306 2.88177 -0.53270
v -0.41283 3.23429 -0.24997
v -0.41245 3.11164 -0.07490
v -0.41170 2.91433 0.00597
v -0.41125 2.63473 0.56450
v -0.41042 2.72750 0.10808
v -0.40989 2.65684 -0.42874
v -0.40878 2.98136 -0.01234
v -0.40864 1.55439 1.36000
v -0.40864 1.55439 1.48000
v -0.40828 3.02903 -0.14987
v -0.40745 1.85458 0.91066
v -0.40488 3.22906 -0.26845
v -0.40380 3.17878 -0.12409
v -0.40347 3.06358 -0.61700
v -0.40340 3.23331 -0.25733
v -0.40330 2.73908 -0.11730
v -0.40191 3.23757 -0.24621
v -0.40188 3.18322 -0.11311
v -0.40024 1.98000 -0.97722
v -0.40000 1.89000 -0.78000
v -0.40000 1.89000 -0.62000
v -0.40000 2.23000 -0.78000
v -0.40000 2.23000 -0.62000
v -0.39976 2.12260 0.25031
v -0.39790 1.18651 1.43000
v -0.39790 1.18651 1.57000
v -0.39790 1.45349 1.43000
v -0.39790 1.45349 1.57000
v -0.39778 3.06013 -0.62699
v -0.39735 3.06885 -0.60813
v -0.39533 2.89219 0.45167
v -0.39533 2.90483 -0.03122
v -0.39454 3.17675 -0.13145
v -0.39400 1.41424 1.42000
v -0.39397 3.23234 -0.26469
v -0.39262 3.18119 -0.12046
v -0.39248 3.23659 -0.25356
v -0.39205 2.77135 -0.03298
v -0.39166 3.06540 -0.61811
v -0.39070 3.18563 -0.10948
v -0.38904 0.56454 1.03000
v -0.38904 1.16000 0.46857
v -0.38904 1.16000 1.59143
v -0.38904 1.75546 1.03000
v -0.38799 2.88264 0.39610
v -0.38794 2.93212 0.03529
v -0.38614 2.86543 -0.57993
v -0.38606 2.60196 0.37398
v -0.38597 3.06194 -0.62810
v -0.38554 3.07067 -0.60924
v -0.38436 2.09315 -0.30894
v -0.38411 2.90670 -0.49070
v -0.38335 3.17916 -0.12782
v -0.38267 2.16214 0.34812
v -0.38262 1.44543 1.31792
v -0.38262 1.44543 1.52208
v -0.38144 3.18360 -0.11683
v -0.38138 2.33888 0.85103
v -0.38131 2.95715 -0.08092
v -0.38077 2.21209 0.05797
v -0.37985 3.06721 -0.61922
v -0.37787 1.84000 -1.48743
v -0.37488 2.59502 0.86170
v -0.37483 2.67512 0.10002
v -0.37360 2.34882 0.99046
v -0.37337 2.43861 0.87926
v -0.37314 3.00588 -0.23159
v -0.37225 2.42623 0.71035
v -0.37035 2.60082 0.94304
v -0.37000 0.94369 0.49605
v -0.37000 0.94369 1.56395
v -0.37000 1.37631 0.49605
v -0.37000 1.37631 1.56395
v -0.37000 1.48000 1.30000
v -0.37000 1.48000 1.54000
v -0.36695 2.99037 0.00124
v -0.36569 2.16232 -0.19349
v -0.36374 2.62883 -0.50972
v -0.36332 2.68601 -0.00949
v -0.36177 1.88926 0.95264
v -0.36026 2.69958 -0.35675
v -0.36021 1.87206 0.71805
v -0.36002 3.04352 -0.13323
v -0.35738 1.51457 1.31792
v -0.35738 1.51457 1.52208
v -0.35567 2.05024 0.59394
v -0.35520 2.91313 -0.03907
v -0.35383 1.85816 0.75307
v -0.35374 2.08569 -0.43775
v -0.35235 2.16977 -0.20477
v -0.35000 1.15500 1.50000
v -0.35000 1.23325 1.38091
v -0.35000 1.23325 1.61909
v -0.35000 1.32000 1.36000
v -0.35000 1.32000 1.64000
v -0.35000 1.40675 1.38091
v -0.35000 1.40675 1.61909
v -0.35000 1.48500 1.50000
v -0.34972 2.60330 0.90071
v -0.34944 2.01655 0.47652
v -0.34934 1.39000 1.57371
v -0.34934 1.39000 1.62629
v -0.34781 2.94041 0.02743
v -0.34677 2.65884 0.03627
v -0.34600 1.54576 1.42000
v -0.34481 2.13432 -0.35138
v -0.33966 0.85202 1.33000
v -0.33966 0.85202 1.55000
v -0.33966 1.20798 1.33000
v -0.33966 1.20798 1.55000
v -0.33948 2.96616 -0.06735
v -0.33872 2.74294 0.13135
v -0.33748 1.87127 0.84689
v -0.33423 2.15573 0.07763
v -0.33411 2.70562 0.15029
v -0.33253 1.98000 -1.44814
v -0.33230 2.98276 -0.02627
v -0.33181 2.73167 -0.17308
v -0.33144 2.93092 -0.00975
v -0.33136 1.40561 1.36000
v -0.33136 1.40561 1.48000
v -0.33049 1.34066 1.60000
v -0.33049 1.43934 1.60000
v -0.33027 2.87403 -0.58518
v -0.32856 1.93232 -1.27000
v -0.32856 1.93232 -0.85000
v -0.32824 2.91530 -0.49595
v -0.32756 0.50716 -0.72000
v -0.32756 0.50716 0.62000
v -0.32756 2.09284 -0.72000
v -0.32756 2.09284 0.62000
v -0.32539 2.06802 0.71211
v -0.32525 2.44375 0.79429
v -0.32488 3.02037 -0.21495
v -0.32225 2.64125 0.52527
v -0.32127 1.80062 0.95632
v -0.32108 0.55613 0.85847
v -0.32108 0.55613 1.20153
v -0.32108 1.76387 0.85847
v -0.32108 1.76387 1.20153
v -0.31956 1.98450 0.80409
v -0.31861 2.20054 0.19474
v -0.31832 3.03919 -0.16576
v -0.31726 2.10451 0.18483
v -0.31474 0.74855 0.57579
v -0.31474 0.74855 1.48421
v -0.31474 1.57145 0.57579
v -0.31474 1.57145 1.48421
v -0.31232 1.95164 0.60963
v -0.30966 2.62487 0.43001
v -0.30932 2.79620 -0.00445
v -0.30864 2.13272 -0.13992
v -0.30288 2.35732 0.84534
v -0.30210 1.18651 1.43000
v -0.30210 1.18651 1.57000
v -0.30210 1.45349 1.43000
v -0.30210 1.45349 1.57000
v -0.30132 2.89896 -0.54319
v -0.30000 1.35951 1.55747
v -0.30000 1.35951 1.64253
v -0.30000 1.42049 1.55747
v -0.30000 1.42049 1.64253
v -0.29511 2.36726 0.98477
v -0.29252 1.51201 1.36000
v -0.29252 1.51201 1.48000
v -0.29165 1.38801 1.42000
v -0.29162 2.70144 0.01378
v -0.29042 2.02251 0.44749
v -0.29000 0.96202 1.26202
v -0.29000 0.96202 1.61798
v -0.29000 1.09798 1.26202
v -0.29000 1.09798 1.61798
v -0.28966 0.35730 -0.05000
v -0.28966 2.24270 -0.05000
v -0.28825 2.13087 -0.31725
v -0.28750 2.20188 -0.03195
v -0.28348 1.42539 1.32292
v -0.28348 1.42539 1.51708
v -0.28342 2.22914 -0.10479
v -0.28331 0.84286 1.44000
v -0.28331 1.21714 1.44000
v -0.28309 2.18358 0.38045
v -0.27932 2.72991 0.08421
v -0.27864 1.14079 -1.32442
v -0.27864 1.14079 1.22442
v -0.27864 1.45921 -1.32442
v -0.27864 1.45921 1.22442
v -0.27797 2.67306 0.02280
v -0.27549 0.87479 -1.20598
v -0.27549 0.87479 1.10598
v -0.27549 1.72521 -1.20598
v -0.27549 1.72521 1.10598
v -0.27251 0.92295 1.66354
v -0.27251 1.11941 1.69105
v -0.27250 1.26901 1.38674
v -0.27250 1.26901 1.61326
v -0.27250 1.37099 1.38674
v -0.27250 1.37099 1.61326
v -0.27216 1.80653 0.85554
v -0.27032 1.84000 -0.73937
v -0.26951 1.34066 1.60000
v -0.26951 1.43934 1.60000
v -0.26865 1.46603 1.32292
v -0.26865 1.46603 1.51708
v -0.26851 1.17964 1.50000
v -0.26851 1.46036 1.50000
v -0.26796 2.64357 -0.51871
v -0.26531 2.71984 0.13682
v -0.26448 2.71432 -0.36575
v -0.26147 1.98475 0.70607
v -0.26137 1.82033 1.04920
v -0.25975 2.37151 0.91221
v -0.25742 2.15637 0.29982
v -0.25081 1.49988 1.42000
v -0.25066 1.39000 1.57371
v -0.25066 1.39000 1.62629
v -0.24908 2.75651 -0.14454
v -0.23788 1.98000 -0.78985
v -0.23783 2.78878 -0.06023
v -0.23725 2.70356 0.07307
v -0.23495 2.14543 0.00016
v -0.23001 1.39164 1.38292
v -0.23001 1.39164 1.45708
v -0.23000 0.66548 1.34477
v -0.23000 1.45452 1.45523
v -0.22967 1.92073 0.95121
v -0.22867 0.59369 0.70000
v -0.22867 0.59369 1.36000
v -0.22867 1.72631 0.70000
v -0.22867 1.72631 1.36000
v -0.22811 1.90353 0.71662
v -0.22460 1.23750 1.45674
v -0.22460 1.23750 1.54326
v -0.22460 1.40250 1.45674
v -0.22460 1.40250 1.54326
v -0.21844 2.13376 0.21128
v -0.21833 2.68632 -0.44673
v -0.21815 1.32000 1.42640
v -0.21815 1.32000 1.57360
v -0.21805 2.70801 0.36587
v -0.21772 2.42523 0.98999
v -0.21768 2.12595 0.21715
v -0.21097 1.85553 0.96942
v -0.21018 1.42166 1.35691
v -0.21018 1.42166 1.48309
v -0.20966 0.92000 1.37202
v -0.20966 0.92000 1.50798
v -0.20966 1.14000 1.37202
v -0.20966 1.14000 1.50798
v -0.20831 2.96633 0.29708
v -0.20600 1.45740 1.38292
v -0.20600 1.45740 1.45708
v -0.20495 2.69095 0.27987
v -0.20370 2.23505 0.23437
v -0.20222 0.48664 1.03000
v -0.20222 1.83336 1.03000
v -0.20178 2.07708 0.65762
v -0.20086 2.19873 0.36964
v -0.20067 2.95638 0.24692
v -0.20059 2.16548 0.31496
v -0.19883 1.03000 1.32434
v -0.19883 1.03000 1.55566
v -0.19831 2.68618 0.99379
v -0.19611 2.14006 0.49962
v -0.19500 1.32000 1.50000
v -0.19452 1.04628 0.40230
v -0.19452 1.04628 1.65770
v -0.19452 1.27372 0.40230
v -0.19452 1.27372 1.65770
v -0.19416 2.20645 0.11964
v -0.19232 0.85628 0.46064
v -0.19232 0.85628 1.59936
v -0.19232 1.46372 0.46064
v -0.19232 1.46372 1.59936
v -0.19116 2.43210 0.89706
v -0.19111 3.17308 0.23823
v -0.18934 3.17077 0.22659
v -0.18430 2.05433 0.52531
v -0.18408 2.74819 -0.15438
v -0.18281 2.69019 0.93958
v -0.18213 1.41142 1.42000
v -0.18177 3.17548 0.24536
v -0.17999 3.17317 0.23372
v -0.17822 3.17086 0.22208
v -0.17792 2.11637 0.38018
v -0.17408 1.86507 0.84036
v -0.17221 0.36796 -0.40224
v -0.17221 0.36796 0.30224
v -0.17221 2.23204 -0.40224
v -0.17221 2.23204 0.30224
v -0.17095 2.89600 0.99392
v -0.17065 3.17558 0.24085
v -0.17026 0.62010 -0.99074
v -0.17026 0.62010 0.89074
v -0.17026 1.97990 -0.99074
v -0.17026 1.97990 0.89074
v -0.17000 0.96000 1.94000
v -0.16887 3.17327 0.22921
v -0.16804 2.97669 0.32781
v -0.16766 2.89686 0.98241
v -0.16315 1.83214 0.84764
v -0.16284 1.92787 0.83320
v -0.16263 2.89619 1.00256
v -0.16012 2.99502 -0.27928
v -0.16000 1.03000 1.44000
v -0.15934 2.89704 0.99106
v -0.15912 2.68705 1.03452
v -0.15605 2.89789 0.97955
v -0.15523 2.15135 -0.32974
v -0.15276 2.95680 0.22748
v -0.15235 1.84594 1.04130
v -0.15102 2.89722 0.99970
v -0.15055 2.42671 1.05981
v -0.15040 2.24961 -0.11729
v -0.14901 2.72577 0.41854
v -0.14773 2.89807 0.98819
v -0.14500 0.77246 1.64247
v -0.14500 1.26990 1.71212
v -0.14461 0.96000 1.86640
v -0.14461 0.96000 2.01360
v -0.14386 2.71782 -0.21758
v -0.14352 2.78101 -0.09263
v -0.14095 0.93987 1.88806
v -0.14095 1.04148 1.90228
v -0.14087 1.84000 -1.63975
v -0.13829 2.16427 0.03186
v -0.13782 2.25204 0.20540
v -0.13767 2.21017 -0.07009
v -0.13753 0.88500 1.89674
v -0.13753 0.88500 1.98326
v -0.13753 1.03500 1.89674
v -0.13753 1.03500 1.98326
v -0.13666 2.97731 -0.31615
v -0.13646 3.01417 -0.24326
v -0.13275 3.19274 -0.37935
v -0.12861 1.95674 0.90018
v -0.12814 2.69507 0.92610
v -0.12678 3.18823 -0.38874
v -0.12673 3.19761 -0.37019
v -0.12522 2.07351 0.57967
v -0.12396 1.98000 -1.58218
v -0.12289 2.15350 0.19257
v -0.12281 2.69166 0.24656
v -0.12076 3.19310 -0.37957
v -0.12022 0.49426 0.85651
v -0.12022 0.49426 1.20349
v -0.12022 1.82574 0.85651
v -0.12022 1.82574 1.20349
v -0.12013 2.97711 0.30837
v -0.12004 2.17994 0.03979
v -0.12000 2.35613 -1.00408
v -0.12000 2.38421 -0.54493
v -0.12000 2.53579 -1.01507
v -0.12000 2.56387 -0.55592
v -0.11886 0.67435 0.56665
v -0.11886 0.67435 1.49335
v -0.11886 1.64565 0.56665
v -0.11886 1.64565 1.49335
v -0.11768 1.85758 1.06640
v -0.11569 2.57470 0.53218
v -0.11479 3.18859 -0.38895
v -0.11474 3.19797 -0.37041
v -0.11327 2.77402 0.11068
v -0.11301 2.81640 -0.30025
v -0.11249 2.96716 0.25821
v -0.11132 1.95321 0.76141
v -0.10876 3.19347 -0.37979
v -0.10531 2.21847 0.35093
v -0.10445 2.69192 1.02104
v -0.10442 2.22475 0.15690
v -0.10324 1.85185 0.94052
v -0.10298 3.05005 0.05188
v -0.10022 2.16473 0.57278
v -0.10006 2.79315 0.18259
v -0.09847 2.17257 0.25256
v -0.09744 2.44045 0.87395
v -0.09528 3.06122 0.09384
v -0.09157 2.08935 0.70400
v -0.09146 2.58611 0.62169
v -0.08974 2.80427 0.51621
v -0.08953 2.97874 -0.31700
v -0.08937 0.83240 1.94000
v -0.08937 1.08760 1.94000
v -0.08933 3.01560 -0.24412
v -0.08896 2.69593 0.96683
v -0.08851 2.25871 0.05117
v -0.08829 3.27189 0.00702
v -0.08630 2.21071 -0.22976
v -0.08619 3.27492 0.01843
v -0.08500 0.91365 1.82674
v -0.08500 0.91365 2.05326
v -0.08500 1.00635 1.82674
v -0.08500 1.00635 2.05326
v -0.08013 2.19915 0.35245
v -0.07913 3.27060 -0.00063
v -0.07803 3.09386 -0.40140
v -0.07762 2.85134 -0.21294
v -0.07703 3.27364 0.01079
v -0.07560 2.81092 0.56843
v -0.07500 0.86203 1.87716
v -0.07500 1.11933 1.91318
v -0.07494 3.27668 0.02221
v -0.06933 3.04533 0.02379
v -0.06787 3.27235 0.00314
v -0.06687 2.72648 0.38523
v -0.06633 2.19586 0.26239
v -0.06587 2.99788 -0.28098
v -0.06578 3.27539 0.01456
v -0.06384 2.11735 0.33391
v -0.06314 2.41198 0.87701
v -0.06307 2.72027 -0.21904
v -0.06273 2.78347 -0.09409
v -0.05801 2.98880 0.50629
v -0.05738 3.11424 -0.35047
v -0.05683 2.43506 1.03670
v -0.05557 2.76592 0.06252
v -0.05490 2.99027 0.51779
v -0.05392 3.06766 0.10770
v -0.05377 2.70942 0.29924
v -0.05253 0.83865 1.87000
v -0.05253 0.83865 2.01000
v -0.05253 1.08135 1.87000
v -0.05253 1.08135 2.01000
v -0.05128 2.80186 0.47766
v -0.05070 2.40944 0.77709
v -0.04977 2.57058 0.46609
v -0.04954 2.98827 0.49780
v -0.04928 2.78939 -0.37310
v -0.04915 2.17266 -0.17127
v -0.04643 2.98974 0.50930
v -0.04391 1.87668 0.80826
v -0.04332 2.99120 0.52079
v -0.04085 3.07810 -0.44389
v -0.03796 2.98921 0.50081
v -0.03709 3.31686 -0.48043
v -0.03485 2.99067 0.51231
v -0.03365 2.06777 0.48788
v -0.03287 3.32104 -0.47000
v -0.03048 2.02459 0.76556
v -0.03027 2.44193 0.94377
v -0.02948 3.31364 -0.48913
v -0.02916 2.80420 0.20636
v -0.02797 3.05177 0.03765
v -0.02765 1.86918 0.97084
v -0.02608 2.16768 0.02983
v -0.02561 2.25545 0.20337
v -0.02526 3.31781 -0.47870
v -0.02301 2.81517 0.58210
v -0.02250 2.75309 -0.15729
v -0.02103 3.32198 -0.46827
v -0.02027 3.06294 0.07960
v -0.01834 2.16133 0.18568
v -0.01765 3.31458 -0.48740
v -0.01729 1.95105 0.98470
v -0.01342 3.31876 -0.47697
v -0.01117 2.61732 0.85710
v -0.00491 2.01053 0.65262
v -0.00391 2.61583 0.79882
v -0.00134 1.89001 0.86239
v -0.00130 2.59339 0.64513
v 0.00000 0.32000 -0.05000
v 0.00000 0.46000 1.03000
v 0.00000 0.46636 -0.75448
v 0.00000 0.46636 0.65448
v 0.00000 0.56454 0.68302
v 0.00000 0.56454 1.37698
v 0.00000 0.78478 -1.18987
v 0.00000 0.78478 1.08987
v 0.00000 0.79199 0.46857
v 0.00000 0.79199 1.59143
v 0.00000 0.81000 1.94000
v 0.00000 0.88114 1.82091
v 0.00000 0.88114 2.05909
v 0.00000 0.96000 1.80000
v 0.00000 0.96000 2.08000
v 0.00000 0.96871 0.39512
v 0.00000 0.96871 1.66488
v 0.00000 0.99068 1.89517
v 0.00000 1.03220 -1.33900
v 0.00000 1.03220 1.23900
v 0.00000 1.03886 1.82091
v 0.00000 1.03886 2.05909
v 0.00000 1.06000 1.40000
v 0.00000 1.11000 1.94000
v 0.00000 1.16000 0.37000
v 0.00000 1.16000 1.69000
v 0.00000 1.30000 -1.39000
v 0.00000 1.30000 1.29000
v 0.00000 1.35129 0.39512
v 0.00000 1.35129 1.66488
v 0.00000 1.52801 0.46857
v 0.00000 1.52801 1.59143
v 0.00000 1.56780 -1.33900
v 0.00000 1.56780 1.23900
v 0.00000 1.75546 0.68302
v 0.00000 1.75546 1.37698
v 0.00000 1.81522 -1.18987
v 0.00000 1.81522 1.08987
v 0.00000 1.84000 -1.16000
v 0.00000 1.84000 -0.66000
v 0.00000 1.86000 1.03000
v 0.00000 1.98000 -1.16000
v 0.00000 1.98000 -0.72000
v 0.00000 2.13364 -0.75448
v 0.00000 2.13364 0.65448
v 0.00000 2.28000 -0.05000
v 0.00044 3.11887 -0.34203
v 0.00132 2.80611 0.49133
v 0.00886 2.55238 0.69190
v 0.01249 1.86919 1.03430
v 0.01386 2.16571 0.52651
v 0.01532 2.77697 0.08628
v 0.01545 2.81276 0.54355
v 0.01697 3.08273 -0.43545
v 0.01701 2.40789 0.93786
v 0.01729 1.94399 0.70716
v 0.01834 2.21449 0.38545
v 0.02079 2.07669 0.57941
v 0.02150 2.85928 -0.19847
v 0.02605 0.84438 1.87469
v 0.02605 1.13697 1.91565
v 0.02727 2.54226 0.61059
v 0.02853 2.79610 0.15820
v 0.03026 2.21326 0.11559
v 0.03205 2.14202 0.40708
v 0.03365 2.09946 0.73654
v 0.03558 2.61493 0.89260
v 0.03761 3.10312 -0.38452
v 0.04039 2.57786 0.48952
v 0.04190 2.40280 0.73803
v 0.04252 2.78072 0.83607
v 0.04401 2.78042 0.82416
v 0.04430 2.35992 1.06590
v 0.04597 2.79127 0.65250
v 0.04915 2.26974 0.07127
v 0.04938 1.87873 0.90523
v 0.04984 2.79733 -0.35863
v 0.05011 2.61196 0.77603
v 0.05036 0.73834 1.63770
v 0.05036 1.30401 1.71689
v 0.05207 2.78023 0.84332
v 0.05253 0.83865 1.87000
v 0.05253 0.83865 2.01000
v 0.05253 1.08135 1.87000
v 0.05253 1.08135 2.01000
v 0.05355 2.77993 0.83141
v 0.05449 1.84630 1.04578
v 0.05504 2.77962 0.81951
v 0.05529 2.03278 0.84419
v 0.05661 1.94644 0.85166
v 0.05671 2.78537 0.60507
v 0.06310 2.77944 0.83866
v 0.06324 2.37492 0.98782
v 0.06459 2.77914 0.82676
v 0.06462 2.58926 0.57904
v 0.06741 2.08951 0.70796
v 0.07061 2.55828 0.74852
v 0.07988 0.61136 1.33719
v 0.07988 1.50864 1.46281
v 0.08013 2.17667 0.21868
v 0.08199 2.79471 0.68552
v 0.08376 2.68891 0.51605
v 0.08424 2.98193 0.61833
v 0.08500 0.91365 1.82674
v 0.08500 0.91365 2.05326
v 0.08500 1.00635 1.82674
v 0.08500 1.00635 2.05326
v 0.08523 2.83227 -0.27132
v 0.08687 2.98049 0.60671
v 0.08851 2.18369 -0.15117
v 0.08937 0.83240 1.94000
v 0.08937 1.08760 1.94000
v 0.08960 2.61106 0.86982
v 0.09157 2.07789 0.52043
v 0.09265 1.85421 0.89382
v 0.09270 1.93363 0.75374
v 0.09307 2.98278 0.62642
v 0.09570 2.98133 0.61480
v 0.09574 2.58263 1.10332
v 0.09686 2.60957 0.81153
v 0.09833 2.97988 0.60318
v 0.09847 2.20325 0.31857
v 0.10344 2.34345 1.11986
v 0.10346 2.78290 0.59066
v 0.10452 2.98217 0.62289
v 0.10606 1.84949 1.02748
v 0.10641 2.00467 0.61832
v 0.10678 2.59138 1.05777
v 0.10710 1.88796 0.82888
v 0.10715 2.98073 0.61127
v 0.10742 2.53804 0.58589
v 0.10925 2.06115 0.47551
v 0.10961 2.40125 0.89880
v 0.11132 1.94183 0.93045
v 0.11265 2.46412 0.78882
v 0.11491 0.89519 1.88180
v 0.11491 1.08616 1.90854
v 0.11733 2.69814 0.60861
v 0.11886 0.67435 0.56665
v 0.11886 0.67435 1.49335
v 0.11886 1.64565 0.56665
v 0.11886 1.64565 1.49335
v 0.11938 2.17519 -0.26430
v 0.12000 2.35613 -1.00408
v 0.12000 2.38421 -0.54493
v 0.12000 2.53579 -1.01507
v 0.12000 2.56387 -0.55592
v 0.12022 0.49426 0.85651
v 0.12022 0.49426 1.20349
v 0.12022 1.82574 0.85651
v 0.12022 1.82574 1.20349
v 0.12205 2.39870 0.79889
v 0.12261 2.20227 0.08256
v 0.12395 1.95191 0.93221
v 0.12396 1.98000 -1.58218
v 0.12522 2.09373 0.64476
v 0.12700 2.22157 -0.16321
v 0.12861 1.93830 0.79168
v 0.12875 2.79225 0.67112
v 0.13023 2.57302 1.13480
v 0.13572 2.96672 0.49151
v 0.13753 0.88500 1.89674
v 0.13753 0.88500 1.98326
v 0.13753 1.03500 1.89674
v 0.13753 1.03500 1.98326
v 0.13767 2.23223 -0.02991
v 0.13864 2.45490 0.71833
v 0.13948 2.78634 0.62368
v 0.14087 1.84000 -1.63975
v 0.14132 2.37344 0.96369
v 0.14461 0.96000 1.86640
v 0.14461 0.96000 2.01360
v 0.14494 2.76064 1.13077
v 0.14730 2.23240 0.17840
v 0.14746 2.67772 0.44125
v 0.14772 2.76285 1.11931
v 0.15000 0.99068 1.89517
v 0.15077 2.55405 0.72382
v 0.15233 2.59051 1.04370
v 0.15362 2.75822 1.13869
v 0.15373 2.19345 -0.10097
v 0.15530 2.97210 0.54550
v 0.15599 2.69816 0.75727
v 0.15640 2.76043 1.12723
v 0.15918 2.76263 1.11577
v 0.16000 1.03000 1.44000
v 0.16113 2.46806 0.84682
v 0.16293 1.84425 1.01227
v 0.16508 2.75801 1.13515
v 0.16661 2.02691 0.80988
v 0.16787 2.76021 1.12369
v 0.16917 2.54393 0.64251
v 0.17000 0.96000 1.94000
v 0.17026 0.62010 -0.99074
v 0.17026 0.62010 0.89074
v 0.17026 1.97990 -0.99074
v 0.17026 1.97990 0.89074
v 0.17115 2.69278 0.71614
v 0.17221 0.36796 -0.40224
v 0.17221 0.36796 0.30224
v 0.17221 2.23204 -0.40224
v 0.17221 2.23204 0.30224
v 0.17288 2.96019 0.44788
v 0.17561 2.23793 0.01840
v 0.17578 2.57216 1.12072
v 0.18152 2.34197 1.09573
v 0.18213 1.41142 1.42000
v 0.18294 2.70442 -0.49471
v 0.18427 2.70046 0.79110
v 0.18683 2.58090 1.07518
v 0.18842 2.73782 -0.42193
v 0.18924 1.86507 0.90382
v 0.18980 3.18872 0.47416
v 0.19218 2.01286 0.69695
v 0.19232 0.85628 0.46064
v 0.19232 0.85628 1.59936
v 0.19232 1.46372 0.46064
v 0.19232 1.46372 1.59936
v 0.19387 3.18984 0.48540
v 0.19392 2.07650 0.60502
v 0.19452 1.04628 0.40230
v 0.19452 1.04628 1.65770
v 0.19452 1.27372 0.40230
v 0.19452 1.27372 1.65770
v 0.19464 2.16011 0.02142
v 0.19500 1.32000 1.50000
v 0.19614 1.92631 0.73638
v 0.19747 2.88491 0.73088
v 0.19753 3.18736 0.46509
v 0.19883 1.03000 1.32434
v 0.19883 1.03000 1.55566
v 0.19885 1.83096 0.81475
v 0.19927 1.91466 0.81085
v 0.20046 2.35696 1.01765
v 0.20159 2.88345 0.71970
v 0.20160 3.18848 0.47632
v 0.20222 0.48664 1.03000
v 0.20222 1.83336 1.03000
v 0.20249 2.08679 0.73261
v 0.20516 2.88554 0.74007
v 0.20553 2.15673 0.24010
v 0.20567 3.18960 0.48755
v 0.20600 1.45740 1.38292
v 0.20600 1.45740 1.45708
v 0.20928 2.88408 0.72889
v 0.20933 3.18712 0.46724
v 0.20966 0.92000 1.37202
v 0.20966 0.92000 1.50798
v 0.20966 1.14000 1.37202
v 0.20966 1.14000 1.50798
v 0.21018 1.42166 1.35691
v 0.21018 1.42166 1.48309
v 0.21171 2.14386 -0.31835
v 0.21203 2.97096 0.55586
v 0.21311 2.44963 0.70583
v 0.21340 2.88262 0.71772
v 0.21340 3.18824 0.47847
v 0.21459 2.68971 0.70885
v 0.21459 2.69618 0.62636
v 0.21696 2.88470 0.73809
v 0.21815 1.32000 1.42640
v 0.21815 1.32000 1.57360
v 0.21950 2.17323 0.34238
v 0.22108 2.88324 0.72691
v 0.22215 0.83657 1.65145
v 0.22215 1.20579 1.70314
v 0.22460 1.23750 1.45674
v 0.22460 1.23750 1.54326
v 0.22460 1.40250 1.45674
v 0.22460 1.40250 1.54326
v 0.22566 1.82152 1.08209
v 0.22569 2.05039 0.49138
v 0.22694 2.23662 -0.11618
v 0.22738 1.94459 0.91485
v 0.22771 2.69738 0.78381
v 0.22837 1.91681 0.90676
v 0.22867 0.59369 0.70000
v 0.22867 0.59369 1.36000
v 0.22867 1.72631 0.70000
v 0.22867 1.72631 1.36000
v 0.22909 2.94758 -0.59132
v 0.22961 2.95905 0.45823
v 0.23001 1.39164 1.38292
v 0.23001 1.39164 1.45708
v 0.23229 2.96706 -0.54886
v 0.23561 2.46279 0.83433
v 0.23743 2.33403 0.91516
v 0.23788 1.98000 -0.78985
v 0.24287 2.69201 0.74268
v 0.24401 2.22037 0.21311
v 0.24434 2.05843 0.50016
v 0.24472 2.67576 0.45900
v 0.24709 2.33063 1.01140
v 0.24919 2.96444 0.51222
v 0.24941 2.68186 -0.53363
v 0.25040 2.14166 -0.16937
v 0.25066 1.39000 1.57371
v 0.25066 1.39000 1.62629
v 0.25081 1.49988 1.42000
v 0.25135 2.16957 0.08646
v 0.26038 2.74865 -0.38806
v 0.26159 2.45357 0.76383
v 0.26348 1.93179 0.81694
v 0.26584 1.89424 0.73871
v 0.26787 2.93442 -0.61402
v 0.26851 1.17964 1.50000
v 0.26851 1.46036 1.50000
v 0.26865 1.46603 1.32292
v 0.26865 1.46603 1.51708
v 0.26951 1.34066 1.60000
v 0.26951 1.43934 1.60000
v 0.27032 1.84000 -0.73937
v 0.27041 2.10936 0.45215
v 0.27250 1.26901 1.38674
v 0.27250 1.26901 1.61326
v 0.27250 1.37099 1.38674
v 0.27250 1.37099 1.61326
v 0.27324 3.14320 -0.66520
v 0.27406 3.14819 -0.65432
v 0.27427 2.97338 -0.52911
v 0.27549 0.87479 -1.20598
v 0.27549 0.87479 1.10598
v 0.27549 1.72521 -1.20598
v 0.27549 1.72521 1.10598
v 0.27614 2.07138 0.69344
v 0.27828 2.68499 0.55155
v 0.27864 1.14079 -1.32442
v 0.27864 1.14079 1.22442
v 0.27864 1.45921 -1.32442
v 0.27864 1.45921 1.22442
v 0.28318 3.13983 -0.67102
v 0.28331 0.84286 1.44000
v 0.28331 1.21714 1.44000
v 0.28348 1.42539 1.32292
v 0.28348 1.42539 1.51708
v 0.28400 3.14482 -0.66014
v 0.28482 3.14981 -0.64925
v 0.28550 2.71854 -0.10606
v 0.28620 2.12754 0.18036
v 0.28668 2.19894 0.18759
v 0.28966 0.35730 -0.05000
v 0.28966 2.24270 -0.05000
v 0.29000 0.96202 1.26202
v 0.29000 0.96202 1.61798
v 0.29000 1.02118 1.67730
v 0.29000 1.09798 1.26202
v 0.29000 1.09798 1.61798
v 0.29095 2.07125 0.62871
v 0.29135 2.14808 0.05613
v 0.29165 1.38801 1.42000
v 0.29252 1.51201 1.36000
v 0.29252 1.51201 1.48000
v 0.29304 2.18280 -0.02193
v 0.29394 3.14145 -0.66595
v 0.29416 2.23062 0.06937
v 0.29476 3.14644 -0.65507
v 0.29939 2.07360 0.35251
v 0.30000 1.35951 1.55747
v 0.30000 1.35951 1.64253
v 0.30000 1.42049 1.55747
v 0.30000 1.42049 1.64253
v 0.30210 1.18651 1.43000
v 0.30210 1.18651 1.57000
v 0.30210 1.45349 1.43000
v 0.30210 1.45349 1.57000
v 0.30328 2.74023 -0.03705
v 0.30364 2.67606 -0.28869
v 0.30613 2.13906 0.29629
v 0.30984 2.94074 -0.59426
v 0.31165 2.15891 -0.27132
v 0.31304 2.96022 -0.55181
v 0.31389 2.31729 0.85823
v 0.31415 2.16055 0.38492
v 0.31474 0.74855 0.57579
v 0.31474 0.74855 1.48421
v 0.31474 1.57145 0.57579
v 0.31474 1.57145 1.48421
v 0.31498 2.14151 -0.13167
v 0.31604 2.17821 0.15197
v 0.31845 1.80298 0.86936
v 0.31927 2.20529 -0.17023
v 0.31940 2.70808 -0.20274
v 0.32108 0.55613 0.85847
v 0.32108 0.55613 1.20153
v 0.32108 1.76387 0.85847
v 0.32108 1.76387 1.20153
v 0.32137 2.69270 -0.49976
v 0.32161 2.12210 0.01470
v 0.32358 2.09945 -0.44371
v 0.32390 2.54730 0.93429
v 0.32404 1.89855 0.93055
v 0.32686 2.72609 -0.42698
v 0.32756 0.50716 -0.72000
v 0.32756 0.50716 0.62000
v 0.32756 2.09284 -0.72000
v 0.32756 2.09284 0.62000
v 0.32856 1.93232 -1.27000
v 0.32856 1.93232 -0.85000
v 0.32953 2.54532 0.99044
v 0.33049 1.34066 1.60000
v 0.33049 1.43934 1.60000
v 0.33136 1.40561 1.36000
v 0.33136 1.40561 1.48000
v 0.33186 1.79826 1.00303
v 0.33253 1.98000 -1.44814
v 0.33320 2.31049 1.05072
v 0.33332 2.16147 -0.33277
v 0.33420 2.04416 0.48418
v 0.33737 2.68818 -0.15008
v 0.33966 0.85202 1.33000
v 0.33966 0.85202 1.55000
v 0.33966 1.20798 1.33000
v 0.33966 1.20798 1.55000
v 0.33967 2.01915 0.46616
v 0.34240 2.45701 0.76990
v 0.34429 2.09372 0.17488
v 0.34471 2.11317 0.53284
v 0.34523 2.56968 0.51599
v 0.34600 1.54576 1.42000
v 0.34934 1.39000 1.57371
v 0.34934 1.39000 1.62629
v 0.35000 1.15500 1.50000
v 0.35000 1.23325 1.38091
v 0.35000 1.23325 1.61909
v 0.35000 1.32000 1.36000
v 0.35000 1.32000 1.64000
v 0.35000 1.40675 1.38091
v 0.35000 1.40675 1.61909
v 0.35000 1.48500 1.50000
v 0.35238 0.76717 1.35900
v 0.35238 1.35283 1.44100
v 0.35606 2.05707 0.62037
v 0.35738 1.51457 1.31792
v 0.35738 1.51457 1.52208
v 0.36151 1.87598 0.76250
v 0.36336 2.45857 0.83896
v 0.36573 2.76084 0.13570
v 0.36810 2.55088 0.43417
v 0.36850 2.53753 0.90109
v 0.36896 2.13435 -0.11840
v 0.37000 0.94369 0.49605
v 0.37000 0.94369 1.56395
v 0.37000 1.37631 0.49605
v 0.37000 1.37631 1.56395
v 0.37000 1.48000 1.30000
v 0.37000 1.48000 1.54000
v 0.37291 2.73157 -0.01206
v 0.37325 2.63877 -0.33794
v 0.37579 2.77272 0.20934
v 0.37625 2.95113 -0.18580
v 0.37787 1.84000 -1.48743
v 0.37977 2.53357 1.01337
v 0.37997 2.18422 0.05974
v 0.38084 2.11486 0.22290
v 0.38262 1.44543 1.31792
v 0.38262 1.44543 1.52208
v 0.38662 2.96378 -0.14555
v 0.38904 0.56454 1.03000
v 0.38904 1.16000 0.46857
v 0.38904 1.16000 1.59143
v 0.38904 1.75546 1.03000
v 0.39000 3.36000 -1.42000
v 0.39012 2.04015 0.66822
v 0.39033 2.44231 0.71797
v 0.39061 1.87813 0.85841
v 0.39084 2.17883 0.00097
v 0.39227 2.18084 0.21697
v 0.39227 2.89417 -0.36521
v 0.39400 1.41424 1.42000
v 0.39416 2.14003 0.39877
v 0.39482 2.13136 0.32517
v 0.39790 1.18651 1.43000
v 0.39790 1.18651 1.57000
v 0.39790 1.45349 1.43000
v 0.39790 1.45349 1.57000
v 0.40000 1.89000 -0.78000
v 0.40000 1.89000 -0.62000
v 0.40000 2.23000 -0.78000
v 0.40000 2.23000 -0.62000
v 0.40001 2.29715 0.89755
v 0.40024 1.98000 -0.97722
v 0.40045 3.36000 -1.45680
v 0.40045 3.36000 -1.38320
v 0.40146 2.91285 -0.31507
v 0.40267 2.04166 0.33356
v 0.40337 3.32500 -1.44163
v 0.40337 3.32500 -1.39837
v 0.40337 3.39500 -1.44163
v 0.40337 3.39500 -1.39837
v 0.40393 2.71538 0.95456
v 0.40443 2.56600 0.57965
v 0.40476 2.70282 -0.16604
v 0.40513 2.71495 0.96649
v 0.40650 2.93342 -0.21148
v 0.40700 2.67952 -0.12509
v 0.40864 1.55439 1.36000
v 0.40864 1.55439 1.48000
v 0.40966 2.29375 0.99379
v 0.41341 2.71330 0.94750
v 0.41461 2.71288 0.95943
v 0.41535 2.15608 -1.27000
v 0.41535 2.15608 -0.85000
v 0.41551 1.55177 1.00002
v 0.41580 2.71246 0.97136
v 0.41593 1.67938 1.03149
v 0.41871 2.65777 -0.09670
v 0.41874 2.52578 0.92402
v 0.42000 0.81000 1.44000
v 0.42000 0.91434 1.25286
v 0.42000 0.91434 1.62714
v 0.42000 1.03000 1.22000
v 0.42000 1.03000 1.66000
v 0.42000 1.14566 1.25286
v 0.42000 1.14566 1.62714
v 0.42000 1.25000 1.44000
v 0.42000 2.29000 -1.53000
v 0.42000 2.29000 -0.75000
v 0.42000 2.43000 -1.53000
v 0.42000 2.43000 -0.75000
v 0.42119 2.57421 0.31227
v 0.42189 2.01403 0.55458
v 0.42259 2.03266 -0.48830
v 0.42320 3.30045 -1.42000
v 0.42320 3.41955 -1.42000
v 0.42372 1.67051 0.97331
v 0.42381 2.73983 0.09268
v 0.42384 2.10165 -0.15974
v 0.42399 2.70038 0.75540
v 0.42409 2.71080 0.95237
v 0.42437 2.52380 0.98016
v 0.42477 2.70122 -0.05608
v 0.42500 3.33837 -1.47663
v 0.42500 3.33837 -1.36337
v 0.42500 3.38163 -1.47663
v 0.42500 3.38163 -1.36337
v 0.42528 2.71038 0.96431
v 0.42720 2.10400 0.04407
v 0.42724 2.95873 -0.13097
v 0.42750 1.26901 1.38674
v 0.42750 1.26901 1.61326
v 0.42750 1.37099 1.38674
v 0.42750 1.37099 1.61326
v 0.42969 2.42000 -1.43750
v 0.42969 2.42000 -1.40250
v 0.43000 0.97834 1.41747
v 0.43050 1.98529 0.40385
v 0.43149 1.17964 1.50000
v 0.43149 1.46036 1.50000
v 0.43224 2.44542 0.85609
v 0.43287 2.87241 -0.39394
v 0.43369 2.78846 0.47117
v 0.43496 0.67827 0.74929
v 0.43496 0.67827 1.31071
v 0.43496 1.64173 0.74929
v 0.43496 1.64173 1.31071
v 0.43552 1.98000 -1.22262
v 0.43621 2.70129 0.79569
v 0.43837 3.30337 -1.45500
v 0.43837 3.30337 -1.38500
v 0.43837 3.41663 -1.45500
v 0.43837 3.41663 -1.38500
v 0.44000 1.88000 -1.12000
v 0.44000 2.40000 -1.12000
v 0.44205 2.54846 0.24053
v 0.44207 2.15672 -0.26642
v 0.44218 1.55177 1.04883
v 0.44394 2.76359 0.23997
v 0.44414 2.67892 -0.02388
v 0.44441 3.34000 -1.42900
v 0.44441 3.34000 -1.41100
v 0.44704 2.77749 0.42344
v 0.44712 2.92837 -0.19690
v 0.44748 1.44799 1.36000
v 0.44748 1.44799 1.48000
v 0.44799 2.08122 0.51389
v 0.44835 1.57199 1.42000
v 0.45000 0.95000 1.26000
v 0.45000 0.97436 -1.46729
v 0.45000 0.98634 -1.58669
v 0.45000 1.11366 -1.45331
v 0.45000 1.12564 -1.57271
v 0.45017 2.52839 0.41602
v 0.45084 0.72397 -0.97218
v 0.45084 0.72397 0.87218
v 0.45084 1.87603 -0.97218
v 0.45084 1.87603 0.87218
v 0.45125 2.90978 -0.29366
v 0.45195 2.69181 0.72511
v 0.45482 1.84000 -0.95229
v 0.45490 3.03325 0.09559
v 0.45504 3.13643 -0.24737
v 0.45652 1.53461 1.32292
v 0.45652 1.53461 1.51708
v 0.45749 2.94102 -0.15665
v 0.45791 3.13993 -0.23625
v 0.45812 2.64595 -0.18133
v 0.45861 2.63351 -0.30124
v 0.45921 2.42916 0.73509
v 0.45992 0.45458 -0.39826
v 0.45992 0.45458 0.29826
v 0.45992 2.14542 -0.39826
v 0.45992 2.14542 0.29826
v 0.46000 1.06000 1.40000
v 0.46000 2.42000 -1.45500
v 0.46000 2.42000 -1.42000
v 0.46000 2.42000 -1.38500
v 0.46000 3.29000 -1.42000
v 0.46000 3.32320 -1.47955
v 0.46000 3.32320 -1.36045
v 0.46000 3.34000 -1.43800
v 0.46000 3.34000 -1.42000
v 0.46000 3.34000 -1.40200
v 0.46000 3.36000 -1.49000
v 0.46000 3.36000 -1.35000
v 0.46000 3.39680 -1.47955
v 0.46000 3.39680 -1.36045
v 0.46000 3.43000 -1.42000
v 0.46077 3.04018 0.13855
v 0.46253 2.13337 0.14521
v 0.46340 3.13154 -0.25446
v 0.46626 3.13504 -0.24334
v 0.46695 1.57783 0.92064
v 0.46762 1.78431 0.97155
v 0.46823 2.78631 0.50831
v 0.46839 1.45341 1.00283
v 0.46909 1.67051 1.05636
v 0.46912 3.13853 -0.23223
v 0.46930 2.62359 -0.14837
v 0.47000 0.97834 1.41747
v 0.47049 2.04935 0.15595
v 0.47135 1.49397 1.32292
v 0.47135 1.49397 1.51708
v 0.47222 1.88000 -1.19778
v 0.47222 1.88000 -1.04222
v 0.47222 2.40000 -1.19778
v 0.47222 2.40000 -1.04222
v 0.47350 3.06801 -0.42198
v 0.47392 2.61623 -0.26034
v 0.47422 2.01113 0.67622
v 0.47437 2.66553 -0.21529
v 0.47461 3.13015 -0.25044
v 0.47468 2.57695 0.37037
v 0.47540 1.23750 1.45674
v 0.47540 1.23750 1.54326
v 0.47540 1.40250 1.45674
v 0.47540 1.40250 1.54326
v 0.47553 3.07214 -0.41090
v 0.47559 3.34000 -1.42900
v 0.47559 3.34000 -1.41100
v 0.47639 2.69362 0.80567
v 0.47697 2.04547 0.41425
v 0.47738 2.00564 0.53218
v 0.47748 3.13364 -0.23932
v 0.47899 1.82686 0.70436
v 0.47975 1.96109 0.40168
v 0.48016 2.43072 0.80415
v 0.48163 3.30337 -1.45500
v 0.48163 3.30337 -1.38500
v 0.48163 3.41663 -1.45500
v 0.48163 3.41663 -1.38500
v 0.48185 1.32000 1.42640
v 0.48185 1.32000 1.57360
v 0.48247 3.06320 -0.42833
v 0.48267 2.86934 -0.37253
v 0.48314 1.83718 0.81978
v 0.48451 3.06733 -0.41725
v 0.48565 0.84612 1.44127
v 0.48565 1.11057 1.39367
v 0.48650 2.54351 0.56150
v 0.48654 3.07146 -0.40617
v 0.48878 3.02099 0.07050
v 0.48883 2.14436 0.03167
v 0.48919 1.46012 1.42000
v 0.49000 0.98543 1.45684
v 0.49031 2.42000 -1.43750
v 0.49031 2.42000 -1.40250
v 0.49186 2.88803 -0.32239
v 0.49196 2.73070 0.12331
v 0.49213 2.68414 0.73509
v 0.49321 1.45022 0.93799
v 0.49348 3.06253 -0.42360
v 0.49429 1.78431 1.02037
v 0.49491 1.84000 -1.23116
v 0.49491 2.76437 0.41285
v 0.49500 3.33837 -1.47663
v 0.49500 3.33837 -1.36337
v 0.49500 3.38163 -1.47663
v 0.49500 3.38163 -1.36337
v 0.49502 2.89398 0.74523
v 0.49551 3.06666 -0.41252
v 0.49680 3.30045 -1.42000
v 0.49680 3.41955 -1.42000
v 0.49851 2.89424 0.75671
v 0.49916 1.72155 0.90305
v 0.49979 0.83169 1.28130
v 0.49979 1.06831 1.23870
v 0.50034 0.85202 1.33000
v 0.50034 0.85202 1.55000
v 0.50034 1.20798 1.33000
v 0.50034 1.20798 1.55000
v 0.50052 3.03485 0.15641
v 0.50202 2.74258 0.19695
v 0.50299 2.89154 0.73660
v 0.50435 2.68504 0.77538
v 0.50500 1.32000 1.50000
v 0.50648 2.89179 0.74808
v 0.50756 2.77998 0.24542
v 0.50926 0.86227 0.64206
v 0.50926 0.86227 1.41794
v 0.50926 1.45773 0.64206
v 0.50926 1.45773 1.41794
v 0.50937 2.52471 0.47968
v 0.50996 2.89205 0.75956
v 0.50999 1.56836 1.38292
v 0.50999 1.56836 1.45708
v 0.51016 1.55735 0.92628
v 0.51077 2.10308 -0.07807
v 0.51245 1.63711 0.94968
v 0.51302 2.87656 -0.17488
v 0.51340 0.66857 0.92399
v 0.51340 0.66857 1.13601
v 0.51340 1.65143 0.92399
v 0.51340 1.65143 1.13601
v 0.51366 2.96096 0.43328
v 0.51386 1.63157 0.90698
v 0.51393 0.87396 1.43626
v 0.51393 1.08273 1.39868
v 0.51444 2.88935 0.73945
v 0.51610 2.77319 0.49772
v 0.51642 2.52546 0.22689
v 0.51663 3.32500 -1.44163
v 0.51663 3.32500 -1.39837
v 0.51663 3.39500 -1.44163
v 0.51663 3.39500 -1.39837
v 0.51682 2.95837 0.42200
v 0.51793 2.88961 0.75093
v 0.51804 2.69581 0.13392
v 0.51951 1.04756 0.57210
v 0.51951 1.04756 1.48790
v 0.51951 1.27244 0.57210
v 0.51951 1.27244 1.48790
v 0.51955 3.36000 -1.45680
v 0.51955 3.36000 -1.38320
v 0.51974 2.76497 0.20357
v 0.52017 2.66589 -0.00273
v 0.52036 2.09566 0.37984
v 0.52071 2.64698 -0.12253
v 0.52183 2.96045 0.44206
v 0.52463 2.06865 -0.13797
v 0.52498 2.95786 0.43078
v 0.52786 2.88889 -0.13240
v 0.52808 0.89496 1.47312
v 0.52808 1.07590 1.44055
v 0.52814 2.95527 0.41949
v 0.52853 3.01567 0.08836
v 0.52944 2.76223 0.44999
v 0.52982 1.53834 1.35691
v 0.52982 1.53834 1.48309
v 0.53000 0.99716 -1.13408
v 0.53000 0.99716 1.03408
v 0.53000 1.60284 -1.13408
v 0.53000 1.60284 1.03408
v 0.53000 3.36000 -1.42000
v 0.53090 1.55735 0.96425
v 0.53133 2.02791 -0.42195
v 0.53241 3.25035 0.06628
v 0.53315 2.95735 0.43956
v 0.53400 1.50260 1.38292
v 0.53400 1.50260 1.45708
v 0.53401 3.25224 0.07802
v 0.53440 3.02260 0.13132
v 0.53630 2.95476 0.42827
v 0.53636 1.45022 1.01697
v 0.53677 1.57783 1.04844
v 0.53877 2.78158 0.27931
v 0.53901 1.57364 0.87064
v 0.53954 1.97335 0.26426
v 0.54107 2.08994 -0.31101
v 0.54167 3.24700 0.05942
v 0.54253 2.85662 -0.20502
v 0.54273 1.70269 0.90849
v 0.54327 3.24889 0.07116
v 0.54446 1.86833 0.60152
v 0.54488 3.25079 0.08290
v 0.54524 1.49588 0.93177
v 0.54532 2.61056 -0.12722
v 0.54552 2.66316 0.04651
v 0.54559 2.02567 -0.22723
v 0.54820 2.57562 -0.70915
v 0.54865 1.93935 0.45970
v 0.54905 2.55395 0.35673
v 0.54915 1.63157 0.97157
v 0.55000 0.96202 1.26202
v 0.55000 0.96202 1.61798
v 0.55000 1.09798 1.26202
v 0.55000 1.09798 1.61798
v 0.55000 1.88000 -1.23000
v 0.55000 1.88000 -1.12000
v 0.55000 1.88000 -1.01000
v 0.55000 2.40000 -1.23000
v 0.55000 2.40000 -1.12000
v 0.55000 2.40000 -1.01000
v 0.55196 2.84959 -0.25863
v 0.55230 2.58753 -0.28055
v 0.55253 3.24554 0.06430
v 0.55312 2.00298 0.38344
v 0.55414 3.24744 0.07604
v 0.55521 2.62028 -0.62927
v 0.55590 1.49775 0.86778
v 0.55669 0.84286 1.44000
v 0.55669 1.21714 1.44000
v 0.55704 1.84903 0.95440
v 0.55727 0.46636 -0.05000
v 0.55727 1.30000 -1.18987
v 0.55727 1.30000 1.08987
v 0.55727 2.13364 -0.05000
v 0.55746 1.49389 0.88521
v 0.55787 1.54858 1.42000
v 0.55806 1.76260 0.64900
v 0.55853 2.05032 0.25843
v 0.55914 1.66347 0.85964
v 0.56118 2.83225 -0.30472
v 0.56311 2.75155 0.19561
v 0.56347 1.70269 0.94646
v 0.56638 1.78324 0.87985
v 0.56789 1.38746 0.94847
v 0.56897 1.72155 1.03084
v 0.56991 2.52820 0.28499
v 0.57000 1.66590 -1.66752
v 0.57000 1.78351 -1.69136
v 0.57000 1.87649 -0.62864
v 0.57000 1.99410 -0.65248
v 0.57051 1.95226 0.59589
v 0.57076 2.63171 -0.05440
v 0.57220 2.88129 -0.12007
v 0.57685 1.62000 0.84102
v 0.57752 1.82648 0.89193
v 0.58142 2.69651 0.20771
v 0.58215 2.76816 0.27135
v 0.58330 1.97851 0.61624
v 0.58396 2.94235 0.19060
v 0.58546 1.83535 0.50370
v 0.58687 2.84902 -0.19268
v 0.58713 2.93844 0.17971
v 0.58804 1.88941 0.35524
v 0.58847 2.85019 -0.22433
v 0.59102 1.49389 0.94664
v 0.59185 1.99069 -0.09637
v 0.59209 2.94276 0.19942
v 0.59247 2.06506 -0.06288
v 0.59331 1.57364 0.97004
v 0.59432 2.75315 0.22950
v 0.59433 1.52359 0.83710
v 0.59434 2.00181 0.14648
v 0.59525 2.93885 0.18853
v 0.59606 3.05028 -0.23531
v 0.59842 2.93494 0.17763
v 0.59867 0.81000 0.82605
v 0.59867 0.81000 1.23395
v 0.59867 1.51000 0.82605
v 0.59867 1.51000 1.23395
v 0.59909 2.61828 -0.14274
v 0.59988 3.05346 -0.22439
v 0.60065 1.74314 0.90150
v 0.60171 2.86135 -0.15021
v 0.60326 1.85278 0.69447
v 0.60330 2.53422 0.41424
v 0.60338 2.93927 0.19735
v 0.60365 3.04515 -0.24306
v 0.60644 1.60000 0.81857
v 0.60655 2.93536 0.18646
v 0.60690 2.81551 -0.31651
v 0.60743 1.45466 0.89779
v 0.60747 3.04833 -0.23214
v 0.60893 0.88090 1.02000
v 0.61000 1.78000 -1.60000
v 0.61000 1.78000 -0.68000
v 0.61000 2.34000 -1.60000
v 0.61000 2.34000 -0.68000
v 0.61015 1.72905 0.85642
v 0.61069 1.74225 0.83785
v 0.61129 3.05150 -0.22121
v 0.61208 1.75666 0.73233
v 0.61344 1.66347 0.95904
v 0.61489 2.58855 -0.22175
v 0.61506 3.04320 -0.23989
v 0.61587 0.98772 0.93966
v 0.61587 0.98772 1.10034
v 0.61653 1.74226 0.62669
v 0.61888 3.04637 -0.22896
v 0.61904 2.54352 0.51229
v 0.61933 1.41352 0.86909
v 0.61948 2.52754 -0.74125
v 0.62000 0.78269 1.29012
v 0.62000 0.79135 1.45113
v 0.62000 0.83072 1.44404
v 0.62000 0.85749 1.47987
v 0.62000 0.95000 1.26000
v 0.62000 0.97834 1.41747
v 0.62000 0.98543 1.45684
v 0.62000 1.11337 1.43381
v 0.62000 1.11731 1.22988
v 0.62000 1.12597 1.39090
v 0.62000 1.16534 1.38381
v 0.62000 2.23370 -1.24652
v 0.62000 2.23370 -1.07348
v 0.62000 2.33542 -1.38652
v 0.62000 2.33542 -0.93348
v 0.62000 2.35000 -1.16000
v 0.62000 2.39393 -1.26607
v 0.62000 2.39393 -1.05393
v 0.62000 2.50000 -1.44000
v 0.62000 2.50000 -1.31000
v 0.62000 2.50000 -1.16000
v 0.62000 2.50000 -1.01000
v 0.62000 2.50000 -0.88000
v 0.62000 2.60607 -1.26607
v 0.62000 2.60607 -1.05393
v 0.62000 2.65000 -1.16000
v 0.62000 2.66458 -1.38652
v 0.62000 2.66458 -0.93348
v 0.62000 2.76630 -1.24652
v 0.62000 2.76630 -1.07348
v 0.62067 1.82648 0.97091
v 0.62305 0.62557 -0.61994
v 0.62305 0.62557 0.51994
v 0.62305 1.97443 -0.61994
v 0.62305 1.97443 0.51994
v 0.62701 1.93716 0.06152
v 0.62778 1.88000 -1.19778
v 0.62778 1.88000 -1.04222
v 0.62778 2.40000 -1.19778
v 0.62778 2.40000 -1.04222
v 0.62857 1.67641 0.81839
v 0.62891 2.03326 0.01317
v 0.62931 1.49775 1.00215
v 0.62948 0.79199 1.03000
v 0.62948 1.16000 0.68302
v 0.62948 1.16000 1.37698
v 0.62948 1.52801 1.03000
v 0.63034 0.92000 1.37202
v 0.63034 0.92000 1.50798
v 0.63034 1.14000 1.37202
v 0.63034 1.14000 1.50798
v 0.63151 1.91734 0.20366
v 0.63351 2.61686 -0.58150
v 0.63420 2.83345 -0.23612
v 0.63438 1.97910 -0.24140
v 0.63568 3.00934 -0.32270
v 0.63616 2.94122 0.05685
v 0.63629 1.47095 0.84215
v 0.63638 2.63122 0.03288
v 0.63747 0.88972 0.88331
v 0.63747 0.88972 1.15669
v 0.63789 3.00519 -0.33374
v 0.63837 0.97808 0.74363
v 0.63837 0.97808 1.31637
v 0.63837 1.34192 0.74363
v 0.63837 1.34192 1.31637
v 0.64117 1.03000 1.32434
v 0.64117 1.03000 1.55566
v 0.64130 1.70866 0.70908
v 0.64149 1.63765 0.72100
v 0.64341 2.81611 -0.28221
v 0.64371 1.72905 0.91785
v 0.64442 3.00948 -0.31449
v 0.64546 1.71898 0.82450
v 0.64605 1.53249 0.84304
v 0.64621 1.63499 0.81881
v 0.64663 3.00533 -0.32553
v 0.64884 3.00118 -0.33657
v 0.64927 1.07146 1.02000
v 0.65000 0.43755 1.21177
v 0.65000 0.51177 1.50245
v 0.65000 0.72823 1.13755
v 0.65000 0.80245 1.42823
v 0.65000 2.20313 -1.36724
v 0.65143 1.52359 0.94161
v 0.65219 2.92217 0.00586
v 0.65538 3.00547 -0.31731
v 0.65714 1.49988 0.74721
v 0.65758 3.00132 -0.32835
v 0.65860 2.01138 0.23729
v 0.65865 1.97659 0.44203
v 0.66000 1.88000 -1.12000
v 0.66000 2.40000 -1.12000
v 0.66248 1.41352 0.94807
v 0.66315 1.62000 0.99898
v 0.66331 1.91266 -0.15955
v 0.66656 1.53653 0.80096
v 0.66908 2.79125 -0.81834
v 0.66985 1.47095 0.90358
v 0.67103 1.51845 0.80916
v 0.67211 1.85254 0.89153
v 0.67228 2.66456 0.19408
v 0.67257 1.74534 0.86221
v 0.67263 2.49183 0.35639
v 0.67312 1.94281 -0.13703
v 0.67313 2.94162 0.09989
v 0.67317 2.81730 -0.77174
v 0.67356 1.60000 0.94143
v 0.67498 0.79665 0.93966
v 0.67498 0.79665 1.10034
v 0.67935 1.45686 0.85850
v 0.68000 1.03000 1.44000
v 0.68000 1.52000 -1.52000
v 0.68126 1.70621 0.79602
v 0.68126 2.01848 -0.07704
v 0.68296 1.39097 0.88560
v 0.68410 1.74225 0.97222
v 0.68500 2.12506 -1.38470
v 0.68524 1.78680 0.49883
v 0.68567 1.67641 0.92290
v 0.68620 0.96949 0.80966
v 0.68620 0.96949 1.23034
v 0.68669 1.62636 0.78996
v 0.68808 2.18307 -1.27753
v 0.68808 2.22319 -1.45695
v 0.68829 1.87404 -0.24310
v 0.68843 1.48057 0.91972
v 0.68898 1.70611 0.81336
v 0.69016 1.67741 0.58473
v 0.69159 1.90684 0.56980
v 0.69314 1.07631 0.89000
v 0.69314 1.07631 1.15000
v 0.69396 1.86228 0.43930
v 0.69506 1.57533 0.66766
v 0.69778 2.52412 -0.69348
v 0.69976 2.63191 0.10667
v 0.70000 1.48306 -1.77519
v 0.70000 1.69867 -1.81890
v 0.70000 1.74133 -0.50110
v 0.70000 1.95694 -0.54481
v 0.70000 2.37000 -1.16000
v 0.70000 2.40808 -1.25192
v 0.70000 2.40808 -1.06808
v 0.70000 2.50000 -1.29000
v 0.70000 2.50000 -1.16000
v 0.70000 2.50000 -1.03000
v 0.70000 2.59192 -1.25192
v 0.70000 2.59192 -1.06808
v 0.70000 2.63000 -1.16000
v 0.70222 1.97551 -0.16630
v 0.70304 1.80424 0.68959
v 0.70323 1.66217 0.79156
v 0.70364 1.78978 0.82303
v 0.70378 0.97599 0.92278
v 0.70378 0.97599 1.13722
v 0.70378 1.34401 0.92278
v 0.70378 1.34401 1.13722
v 0.70411 2.51043 0.55250
v 0.70450 1.57003 0.86330
v 0.70479 2.56878 -0.61360
v 0.70519 2.90353 -0.00209
v 0.70929 1.50457 -1.45099
v 0.70929 1.53543 -1.58901
v 0.71061 1.41536 0.72805
v 0.71066 2.76320 -0.83707
v 0.71183 1.16000 0.84964
v 0.71183 1.16000 1.21036
v 0.71192 0.89496 1.47312
v 0.71192 1.07590 1.44055
v 0.71282 2.11040 -1.31914
v 0.71282 2.13972 -1.45025
v 0.71653 1.49731 0.81354
v 0.71884 2.81530 -0.74388
v 0.72086 1.53653 0.90036
v 0.72254 1.70611 0.87479
v 0.72273 0.85140 0.80966
v 0.72273 0.85140 1.23034
v 0.72396 1.88207 0.06735
v 0.72607 0.87396 1.43626
v 0.72607 1.08273 1.39868
v 0.72613 2.92299 0.09194
v 0.72948 0.88318 -0.83763
v 0.72948 0.88318 0.73763
v 0.72948 1.71682 -0.83763
v 0.72948 1.71682 0.73763
v 0.73085 1.56843 0.78843
v 0.73476 1.70412 0.82823
v 0.73541 0.61199 -0.26523
v 0.73541 0.61199 0.16523
v 0.73541 1.98801 -0.26523
v 0.73541 1.98801 0.16523
v 0.73705 1.89096 0.26225
v 0.73727 1.49731 0.85151
v 0.73744 1.99780 0.05955
v 0.74000 1.16000 1.03000
v 0.74021 0.83169 1.28130
v 0.74021 1.06831 1.23870
v 0.74084 1.51845 0.93695
v 0.74090 1.13107 1.02000
v 0.74099 1.62636 0.88936
v 0.74190 1.39605 0.90056
v 0.74216 2.90394 0.04095
v 0.74216 3.13349 -0.00653
v 0.74404 1.77125 0.59177
v 0.74417 1.14259 -0.97967
v 0.74417 1.14259 0.87967
v 0.74417 1.45741 -0.97967
v 0.74417 1.45741 0.87967
v 0.74555 3.12947 -0.01732
v 0.74571 1.45569 0.81963
v 0.74603 2.74903 0.39209
v 0.74657 2.47936 -0.29971
v 0.74679 1.78978 0.90201
v 0.74910 1.64265 0.79575
v 0.74983 0.74640 1.02000
v 0.74998 3.13358 0.00257
v 0.75000 0.98543 1.45684
v 0.75062 1.92059 0.38143
v 0.75299 1.36344 0.80473
v 0.75336 1.51036 0.71215
v 0.75337 3.12955 -0.00821
v 0.75435 0.84612 1.44127
v 0.75435 1.11057 1.39367
v 0.75452 2.46066 0.36147
v 0.75490 1.64136 0.75406
v 0.75504 1.84302 -0.07840
v 0.75521 2.75446 0.44929
v 0.75555 1.95629 0.24312
v 0.75623 2.42858 0.26750
v 0.75634 2.76120 -0.80920
v 0.75676 3.12552 -0.01900
v 0.75771 2.45875 0.39661
v 0.75807 1.50771 0.80996
v 0.75935 1.62696 0.64842
v 0.76043 2.78725 -0.76260
v 0.76119 3.12964 0.00089
v 0.76166 2.44842 -0.36397
v 0.76222 1.94013 -0.04614
v 0.76429 1.80808 0.07188
v 0.76458 3.12561 -0.00990
v 0.76460 1.85629 0.16945
v 0.76614 1.56843 0.85302
v 0.76755 1.56289 0.81032
v 0.76893 1.04045 0.79883
v 0.76893 1.04045 1.24117
v 0.76984 1.64265 0.83372
v 0.77000 0.97834 1.41747
v 0.77091 1.56949 0.78364
v 0.77161 1.78659 0.83717
v 0.77184 1.87721 -0.11317
v 0.77238 1.45569 0.86845
v 0.77305 1.66217 0.91936
v 0.77345 2.46805 0.49466
v 0.77512 2.96334 -0.90000
v 0.77604 2.96917 -0.88955
v 0.77755 2.46929 0.13181
v 0.78000 0.72000 -0.95000
v 0.78000 1.49818 -1.42241
v 0.78000 1.52000 -1.52000
v 0.78000 1.54182 -1.61759
v 0.78000 2.10432 -1.29199
v 0.78000 2.14579 -1.47741
v 0.78000 2.17476 -1.24037
v 0.78000 2.20313 -1.36724
v 0.78000 2.23150 -1.49411
v 0.78444 2.95705 -0.90419
v 0.78536 2.96289 -0.89375
v 0.78628 2.96873 -0.88331
v 0.78647 2.72431 0.35835
v 0.78732 2.49062 0.21762
v 0.78823 1.89164 0.15816
v 0.78877 0.76716 0.89000
v 0.78877 0.76716 1.15000
v 0.79000 0.04453 0.88498
v 0.79000 0.07565 1.14127
v 0.79000 0.13608 0.64359
v 0.79000 0.22231 1.35375
v 0.79000 0.32933 0.47239
v 0.79000 0.45091 1.47373
v 0.79000 0.58000 0.41060
v 0.79000 0.58000 0.95000
v 0.79000 0.70909 1.47373
v 0.79000 0.83067 0.47239
v 0.79000 0.93769 1.35375
v 0.79000 0.95000 1.26000
v 0.79000 1.02392 0.64359
v 0.79000 1.08435 1.14127
v 0.79000 1.11547 0.88498
v 0.79157 1.71687 0.19895
v 0.79257 1.80260 -0.25827
v 0.79313 1.76096 -0.14649
v 0.79468 2.95660 -0.89795
v 0.79542 2.47677 -0.24564
v 0.79560 2.96244 -0.88750
v 0.79782 1.68823 0.79117
v 0.80000 0.94000 0.76000
v 0.80000 0.94000 1.28000
v 0.80360 -0.05945 0.71053
v 0.80360 -0.05945 1.18947
v 0.80360 -0.00393 0.93579
v 0.80360 -0.00393 0.96421
v 0.80360 0.03152 0.51172
v 0.80360 0.03152 1.38828
v 0.80360 0.03764 0.68660
v 0.80360 0.03764 1.21340
v 0.80360 0.09316 0.91186
v 0.80360 0.09316 0.98814
v 0.80360 0.10637 0.44541
v 0.80360 0.10637 1.45459
v 0.80360 0.18536 0.68537
v 0.80360 0.18536 1.21463
v 0.80360 0.24814 0.41331
v 0.80360 0.24814 1.48669
v 0.80360 0.26021 0.61906
v 0.80360 0.26021 1.28094
v 0.80360 0.28360 0.31981
v 0.80360 0.28360 1.58019
v 0.80360 0.46506 0.49558
v 0.80360 0.46506 1.40442
v 0.80360 0.50052 0.40207
v 0.80360 0.50052 1.49793
v 0.80360 0.52873 0.33858
v 0.80360 0.52873 1.56142
v 0.80360 0.54078 0.43785
v 0.80360 0.54078 1.46215
v 0.80360 0.75904 0.31061
v 0.80360 0.75904 1.58939
v 0.80360 0.77109 0.40988
v 0.80360 0.77109 1.49012
v 0.80360 0.78561 0.49742
v 0.80360 0.78561 1.40258
v 0.80360 0.84241 0.57971
v 0.80360 0.84241 1.32029
v 0.80360 0.97654 0.36562
v 0.80360 0.97654 1.53438
v 0.80360 0.99538 0.75994
v 0.80360 0.99538 1.14006
v 0.80360 1.03335 0.44792
v 0.80360 1.03335 1.45208
v 0.80360 1.08393 0.80641
v 0.80360 1.08393 1.09359
v 0.80360 1.10320 0.55451
v 0.80360 1.10320 1.34549
v 0.80360 1.11000 0.83400
v 0.80360 1.11000 1.06600
v 0.80360 1.19175 0.60098
v 0.80360 1.19175 1.29902
v 0.80360 1.21000 0.83400
v 0.80360 1.21000 1.06600
v 0.80484 2.73516 0.47274
v 0.80891 1.91978 -0.00363
v 0.80950 1.86636 0.01809
v 0.81000 0.05528 -1.03071
v 0.81000 0.09391 -0.71256
v 0.81000 0.16893 -1.33038
v 0.81000 0.27597 -0.44880
v 0.81000 0.40882 -1.54290
v 0.81000 0.55000 -1.30000
v 0.81000 0.55000 1.20000
v 0.81000 0.55975 -0.29986
v 0.81000 0.72000 -1.61960
v 0.81000 0.72000 -0.95000
v 0.81000 0.88025 -0.29986
v 0.81000 0.89000 -1.30000
v 0.81000 0.89000 1.20000
v 0.81000 0.97834 1.41747
v 0.81000 1.03118 -1.54290
v 0.81000 1.16403 -0.44880
v 0.81000 1.27107 -1.33038
v 0.81000 1.34609 -0.71256
v 0.81000 1.38472 -1.03071
v 0.81123 1.11284 0.89000
v 0.81123 1.11284 1.15000
v 0.81217 2.35445 0.53212
v 0.81470 2.23879 0.67174
v 0.81628 1.56949 0.86669
v 0.81769 2.24622 0.75484
v 0.82000 -0.13373 -1.05366
v 0.82000 -0.08411 -0.64504
v 0.82000 0.01223 -1.43854
v 0.82000 0.14971 -0.30628
v 0.82000 0.32034 -1.71149
v 0.82000 0.51419 -0.11499
v 0.82000 0.72000 -1.81000
v 0.82000 0.92581 -0.11499
v 0.82000 1.11966 -1.71149
v 0.82000 1.29029 -0.30628
v 0.82000 1.42777 -1.43854
v 0.82000 1.52411 -0.64504
v 0.82000 1.57373 -1.05366
v 0.82407 1.56062 0.80851
v 0.82449 1.68823 0.83998
v 0.82559 2.41488 -0.37418
v 0.82680 -0.06209 -1.25016
v 0.82680 -0.06209 -0.64984
v 0.82680 0.00684 -0.97053
v 0.82680 0.00684 -0.92947
v 0.82680 0.03501 -1.27409
v 0.82680 0.03501 -0.62591
v 0.82680 0.04816 -1.50208
v 0.82680 0.04816 -0.39792
v 0.82680 0.10393 -0.99446
v 0.82680 0.10393 -0.90554
v 0.82680 0.12301 -1.56839
v 0.82680 0.12301 -0.33161
v 0.82680 0.23914 -1.28651
v 0.82680 0.23914 -0.61349
v 0.82680 0.31231 -1.62752
v 0.82680 0.31231 -0.27248
v 0.82680 0.31399 -1.35282
v 0.82680 0.31399 -0.54718
v 0.82680 0.34777 -1.72103
v 0.82680 0.34777 -0.17897
v 0.82680 0.58160 -1.52540
v 0.82680 0.58160 -0.37460
v 0.82680 0.61706 -1.61890
v 0.82680 0.61706 -0.28110
v 0.82680 0.65781 -1.69703
v 0.82680 0.65781 -0.20297
v 0.82680 0.66986 -1.59776
v 0.82680 0.66986 -0.30224
v 0.82680 0.94371 -1.73174
v 0.82680 0.94371 -0.16826
v 0.82680 0.95576 -1.63247
v 0.82680 0.95576 -0.26753
v 0.82680 0.98209 -1.50190
v 0.82680 0.98209 -0.39810
v 0.82680 1.03890 -1.41960
v 0.82680 1.03890 -0.48040
v 0.82680 1.21911 -1.66550
v 0.82680 1.21911 -0.23450
v 0.82680 1.24634 -1.18033
v 0.82680 1.24634 -0.71967
v 0.82680 1.27592 -1.58320
v 0.82680 1.27592 -0.31680
v 0.82680 1.33488 -1.13386
v 0.82680 1.33488 -0.76614
v 0.82680 1.38018 -1.43534
v 0.82680 1.38018 -0.46466
v 0.82680 1.39000 -1.09400
v 0.82680 1.39000 -0.80600
v 0.82680 1.46872 -1.38887
v 0.82680 1.46872 -0.51113
v 0.82680 1.49000 -1.09400
v 0.82680 1.49000 -0.80600
v 0.82924 1.74593 0.31473
v 0.83079 2.44113 0.42199
v 0.83107 0.83955 0.79883
v 0.83107 0.83955 1.24117
v 0.83420 2.37697 0.23407
v 0.83610 2.70501 0.38181
v 0.83685 1.73013 0.04948
v 0.83746 1.82655 0.24461
v 0.84169 2.33070 0.46169
v 0.84376 2.42896 0.08818
v 0.84440 0.00423 0.88009
v 0.84440 0.03769 1.15567
v 0.84440 0.10267 0.62052
v 0.84440 0.19539 1.38414
v 0.84440 0.31046 0.43644
v 0.84440 0.44120 1.51315
v 0.84440 0.58000 0.37000
v 0.84440 0.71880 1.51315
v 0.84440 0.84954 0.43644
v 0.84440 0.96461 1.38414
v 0.84440 1.05733 0.62052
v 0.84440 1.12231 1.15567
v 0.84440 1.15577 0.88009
v 0.84528 2.71044 0.43900
v 0.84718 2.11040 -1.31914
v 0.84718 2.13972 -1.45025
v 0.85012 1.62670 0.13486
v 0.85017 1.13360 1.02000
v 0.85071 1.50457 -1.45099
v 0.85071 1.53543 -1.58901
v 0.85450 2.34325 0.59905
v 0.85531 1.56529 -0.49525
v 0.85577 2.37682 -0.05885
v 0.85756 0.81000 -0.46408
v 0.85756 0.81000 0.36408
v 0.85756 1.79000 -0.46408
v 0.85756 1.79000 0.36408
v 0.85910 0.74893 1.02000
v 0.85935 2.44324 -0.25584
v 0.86242 1.61762 -0.42214
v 0.86279 2.65800 -0.37567
v 0.86331 2.47162 0.25981
v 0.86650 1.86869 -0.06132
v 0.86847 2.40825 -0.33284
v 0.87124 2.91660 0.37959
v 0.87159 2.63995 -0.41316
v 0.87163 2.19252 0.63188
v 0.87192 2.18307 -1.27753
v 0.87192 2.22319 -1.45695
v 0.87314 2.91772 0.39138
v 0.87443 2.41230 -0.32011
v 0.87500 2.12506 -1.38470
v 0.87720 0.00525 -1.03679
v 0.87720 0.04679 -0.69468
v 0.87720 0.12745 -1.35901
v 0.87720 0.24255 -0.41107
v 0.87720 0.38540 -1.58753
v 0.87720 0.54769 -0.25092
v 0.87720 0.72000 -1.67000
v 0.87720 0.89231 -0.25092
v 0.87720 1.05460 -1.58753
v 0.87720 1.19745 -0.41107
v 0.87720 1.31255 -1.35901
v 0.87720 1.39321 -0.69468
v 0.87720 1.43475 -1.03679
v 0.87727 1.02860 0.80966
v 0.87727 1.02860 1.23034
v 0.87762 2.20738 0.79810
v 0.87930 2.33027 -0.12003
v 0.87959 2.91150 0.37263
v 0.88000 1.52000 -1.52000
v 0.88148 2.91262 0.38442
v 0.88167 1.79992 -0.16738
v 0.88337 2.91374 0.39622
v 0.88568 1.70224 -0.11809
v 0.88864 1.65838 0.81314
v 0.88982 2.90752 0.37746
v 0.89128 2.65650 -0.34413
v 0.89171 2.90864 0.38926
v 0.89516 2.43890 -0.25396
v 0.89663 1.63491 0.74414
v 0.89920 2.65510 0.27585
v 0.90020 2.63639 0.22103
v 0.90169 0.78478 -0.05000
v 0.90169 1.30000 -0.75448
v 0.90169 1.30000 0.65448
v 0.90169 1.81522 -0.05000
v 0.90205 1.80764 0.04649
v 0.90205 2.38371 0.00653
v 0.90396 2.69015 0.08173
v 0.90584 1.49094 -0.50257
v 0.90686 0.80369 0.89000
v 0.90686 0.80369 1.15000
v 0.90876 2.38952 0.38855
v 0.90888 2.62039 -0.41911
v 0.90966 2.70260 0.13179
v 0.90971 1.70039 0.12464
v 0.91000 2.20313 -1.36724
v 0.91002 1.74860 0.22220
v 0.91046 2.35744 0.29459
v 0.91353 2.29575 0.45818
v 0.91380 0.91051 0.80966
v 0.91380 0.91051 1.23034
v 0.91443 1.04531 -0.63141
v 0.91443 1.04531 0.53141
v 0.91443 1.55469 -0.63141
v 0.91443 1.55469 0.53141
v 0.91916 1.62100 0.86834
v 0.91975 2.40996 0.13037
v 0.91993 2.35207 -0.37832
v 0.92005 1.59560 -0.35636
v 0.92313 2.09148 0.68471
v 0.92502 1.08335 0.93966
v 0.92502 1.08335 1.10034
v 0.92548 1.68481 0.36641
v 0.92633 2.08111 0.60864
v 0.92635 2.30830 0.59553
v 0.92858 2.63694 -0.35008
v 0.92952 2.43129 0.21618
v 0.93157 2.15368 0.67514
v 0.93456 2.16111 0.75824
v 0.93513 1.57405 0.73034
v 0.93738 2.61889 -0.38757
v 0.94014 1.72558 -0.02160
v 0.94091 2.31824 -0.36353
v 0.94258 2.66663 0.05628
v 0.94369 2.64371 0.31115
v 0.94568 2.60629 0.20153
v 0.94635 1.56558 0.18655
v 0.94911 2.29061 -0.11582
v 0.95000 0.47000 -0.90000
v 0.95000 0.47000 0.80000
v 0.95000 0.63000 -0.90000
v 0.95000 0.63000 0.80000
v 0.95073 0.80854 1.02000
v 0.95075 1.22523 -0.39000
v 0.95075 1.22523 -0.17000
v 0.95109 2.56703 0.49974
v 0.95183 2.26873 -0.43990
v 0.95398 2.69152 0.15639
v 0.95586 2.28455 0.52510
v 0.95766 1.56015 0.85455
v 0.96123 2.79806 -0.43732
v 0.96253 0.99028 0.88331
v 0.96253 0.99028 1.15669
v 0.96347 1.46893 -0.43679
v 0.96371 2.79296 -0.44789
v 0.96564 1.53667 0.78555
v 0.96831 2.55318 0.45865
v 0.96927 2.79763 -0.42842
v 0.97058 1.52126 -0.36368
v 0.97175 2.79254 -0.43899
v 0.97185 2.34405 0.01073
v 0.97294 2.05515 0.73056
v 0.97330 2.41338 -0.22057
v 0.97423 2.78744 -0.44957
v 0.97579 2.56050 0.53877
v 0.97935 2.03442 0.57843
v 0.97979 2.79211 -0.43010
v 0.98167 2.41671 0.66729
v 0.98227 2.78702 -0.44067
v 0.98342 2.42104 0.71577
v 0.98403 1.59464 0.30232
v 0.98413 0.89228 0.93966
v 0.98413 0.89228 1.10034
v 0.98691 2.65555 0.08088
v 0.98917 2.61361 0.29164
v 0.99017 2.59490 0.23683
v 0.99107 0.99910 1.02000
v 0.99135 2.53776 -0.15118
v 0.99261 2.66799 0.13094
v 0.99538 2.29750 -0.05045
v 0.99807 2.32655 -0.34493
v 0.99967 1.92049 0.72512
v 1.00307 1.91858 0.79555
v 1.00506 2.31631 -0.29809
v 1.00508 2.51061 -0.18686
v 1.00812 1.04239 -0.26770
v 1.00812 1.04239 0.16770
v 1.00812 1.55761 -0.26770
v 1.00812 1.55761 0.16770
v 1.00815 1.70101 0.79623
v 1.01022 2.53279 0.45661
v 1.01281 1.68731 0.75598
v 1.01295 2.59193 -0.43231
v 1.01383 2.86466 0.04652
v 1.01488 2.38972 0.64404
v 1.01515 2.86754 0.05809
v 1.01770 2.54011 0.53673
v 1.01835 2.54178 -0.11304
v 1.01838 2.39839 0.74100
v 1.01965 1.30000 -0.41618
v 1.01965 1.30000 0.31618
v 1.01983 1.66914 -0.57000
v 1.02277 2.85922 0.04063
v 1.02408 2.86210 0.05221
v 1.02475 2.35720 -0.26606
v 1.02495 1.70681 -0.51736
v 1.02502 2.80400 0.20303
v 1.02522 2.80012 0.19168
v 1.02540 2.86498 0.06378
v 1.02595 1.67920 0.82844
v 1.02595 2.00846 0.70035
v 1.02691 2.21729 -0.45082
v 1.02852 2.60981 -0.38630
v 1.02916 1.99809 0.62429
v 1.03209 1.11129 -0.39000
v 1.03209 1.11129 -0.17000
v 1.03302 2.85666 0.04632
v 1.03423 2.80164 0.21034
v 1.03433 2.85954 0.05790
v 1.03444 2.79776 0.19899
v 1.03464 2.79388 0.18763
v 1.03491 2.52625 0.49564
v 1.03527 1.65181 0.74794
v 1.03824 1.87562 0.68672
v 1.04297 2.55916 -0.45884
v 1.04365 2.79540 0.20630
v 1.04386 2.79152 0.19495
v 1.04504 1.87180 0.82758
v 1.04580 2.48747 -0.18441
v 1.04841 1.64370 0.82039
v 1.04984 2.36706 0.66927
v 1.05000 0.52000 -0.95000
v 1.05000 0.52000 0.95000
v 1.05000 0.54929 -1.02071
v 1.05000 0.54929 -0.87929
v 1.05000 0.54929 0.87929
v 1.05000 0.54929 1.02071
v 1.05000 0.62000 -1.05000
v 1.05000 0.62000 -0.95000
v 1.05000 0.62000 -0.85000
v 1.05000 0.62000 0.85000
v 1.05000 0.62000 0.95000
v 1.05000 0.62000 1.05000
v 1.05000 0.69071 -1.02071
v 1.05000 0.69071 -0.87929
v 1.05000 0.69071 0.87929
v 1.05000 0.69071 1.02071
v 1.05000 0.72000 -0.95000
v 1.05000 0.72000 0.95000
v 1.05159 2.37140 0.71775
v 1.05307 1.63001 0.78014
v 1.05621 1.61561 -0.57527
v 1.05907 2.51864 -0.11059
v 1.06000 1.30000 -0.05000
v 1.06541 2.10459 -0.05859
v 1.06563 2.13930 0.01166
v 1.06644 1.69096 -0.47000
v 1.06900 2.16264 -0.31433
v 1.06941 2.73360 0.47348
v 1.07279 2.49149 -0.14627
v 1.07384 2.73004 0.46291
v 1.07410 2.59492 -0.36682
v 1.07560 0.00423 0.88009
v 1.07560 0.03769 1.15567
v 1.07560 0.10267 0.62052
v 1.07560 0.19539 1.38414
v 1.07560 0.31046 0.43644
v 1.07560 0.44120 1.51315
v 1.07560 0.58000 0.37000
v 1.07560 0.71880 1.51315
v 1.07560 0.84954 0.43644
v 1.07560 0.96461 1.38414
v 1.07560 1.05733 0.62052
v 1.07560 1.12231 1.15567
v 1.07560 1.15577 0.88009
v 1.07576 2.73192 0.48352
v 1.07723 2.23246 0.65581
v 1.07910 2.22642 0.61144
v 1.08014 2.26487 -0.30902
v 1.08019 2.72836 0.47295
v 1.08022 1.82885 0.71875
v 1.08064 2.47655 -0.46911
v 1.08361 1.82694 0.78918
v 1.08462 2.72479 0.46238
v 1.08655 2.72667 0.48299
v 1.08701 2.44767 -0.51365
v 1.08855 2.54427 -0.43936
v 1.09097 2.72311 0.47242
v 1.09106 2.21536 -0.38538
v 1.09642 2.10356 -0.36335
v 1.09770 1.59975 -0.52791
v 1.10282 1.63743 -0.47527
v 1.10412 2.56215 -0.39335
v 1.10457 1.71254 -0.59261
v 1.10629 2.21127 0.68256
v 1.10685 2.66252 -0.22461
v 1.10708 1.72986 0.78152
v 1.10755 1.73452 -0.56191
v 1.10821 2.17944 -0.24486
v 1.10839 1.72601 0.77023
v 1.11000 0.28147 0.99292
v 1.11000 0.30565 0.82471
v 1.11000 0.35207 1.14751
v 1.11000 0.41694 0.69628
v 1.11000 0.49503 1.23938
v 1.11000 0.58000 0.64840
v 1.11000 0.58000 0.95000
v 1.11000 0.66497 1.23938
v 1.11000 0.74306 0.69628
v 1.11000 0.80793 1.14751
v 1.11000 0.85435 0.82471
v 1.11000 0.87853 0.99292
v 1.11002 2.19918 0.59382
v 1.11036 2.65557 -0.23374
v 1.11207 1.72374 0.79055
v 1.11338 1.71990 0.77926
v 1.11376 2.66355 -0.21485
v 1.11469 1.71605 0.76797
v 1.11640 -0.05945 0.71053
v 1.11640 -0.05945 1.18947
v 1.11640 -0.00393 0.93579
v 1.11640 -0.00393 0.96421
v 1.11640 0.03152 0.51172
v 1.11640 0.03152 1.38828
v 1.11640 0.03764 0.68660
v 1.11640 0.03764 1.21340
v 1.11640 0.09316 0.91186
v 1.11640 0.09316 0.98814
v 1.11640 0.10637 0.44541
v 1.11640 0.10637 1.45459
v 1.11640 0.18536 0.68537
v 1.11640 0.18536 1.21463
v 1.11640 0.24814 0.41331
v 1.11640 0.24814 1.48669
v 1.11640 0.26021 0.61906
v 1.11640 0.26021 1.28094
v 1.11640 0.28360 0.31981
v 1.11640 0.28360 1.58019
v 1.11640 0.46506 0.49558
v 1.11640 0.46506 1.40442
v 1.11640 0.50052 0.40207
v 1.11640 0.50052 1.49793
v 1.11640 0.52873 0.33858
v 1.11640 0.52873 1.56142
v 1.11640 0.54078 0.43785
v 1.11640 0.54078 1.46215
v 1.11640 0.75904 0.31061
v 1.11640 0.75904 1.58939
v 1.11640 0.77109 0.40988
v 1.11640 0.77109 1.49012
v 1.11640 0.78561 0.49742
v 1.11640 0.78561 1.40258
v 1.11640 0.84241 0.57971
v 1.11640 0.84241 1.32029
v 1.11640 0.97654 0.36562
v 1.11640 0.97654 1.53438
v 1.11640 0.99538 0.75994
v 1.11640 0.99538 1.14006
v 1.11640 1.03335 0.44792
v 1.11640 1.03335 1.45208
v 1.11640 1.08393 0.80641
v 1.11640 1.08393 1.09359
v 1.11640 1.10320 0.55451
v 1.11640 1.10320 1.34549
v 1.11640 1.11000 0.83400
v 1.11640 1.11000 1.06600
v 1.11640 1.19175 0.60098
v 1.11640 1.19175 1.29902
v 1.11640 1.21000 0.83400
v 1.11640 1.21000 1.06600
v 1.11727 2.65660 -0.22399
v 1.11765 2.04847 -0.07472
v 1.11806 2.47543 -0.43093
v 1.11809 2.11789 0.06577
v 1.11837 1.71378 0.78830
v 1.11968 1.70994 0.77700
v 1.12078 2.64965 -0.23312
v 1.12162 2.55492 0.66832
v 1.12205 2.55599 0.68027
v 1.12418 2.65763 -0.21423
v 1.12579 1.68131 -0.59569
v 1.12769 2.65068 -0.22336
v 1.12980 2.54827 0.66260
v 1.13000 0.04453 0.88498
v 1.13000 0.07565 1.14127
v 1.13000 0.13608 0.64359
v 1.13000 0.22231 1.35375
v 1.13000 0.32933 0.47239
v 1.13000 0.45091 1.47373
v 1.13000 0.58000 0.41060
v 1.13000 0.58000 0.95000
v 1.13000 0.70909 1.47373
v 1.13000 0.83067 0.47239
v 1.13000 0.93769 1.35375
v 1.13000 1.02392 0.64359
v 1.13000 1.08435 1.14127
v 1.13000 1.11547 0.88498
v 1.13023 2.54934 0.67454
v 1.13066 2.55040 0.68649
v 1.13081 2.41767 -0.52003
v 1.13176 1.72527 -0.53428
v 1.13721 2.18404 0.66494
v 1.13751 2.73595 -0.50805
v 1.13842 2.54269 0.66881
v 1.13885 2.54375 0.68076
v 1.13908 2.17799 0.62057
v 1.14112 2.74009 -0.49739
v 1.14211 2.04661 0.02106
v 1.14447 2.72835 -0.51421
v 1.14808 2.73249 -0.50354
v 1.14999 1.67206 -0.56806
v 1.15169 2.73664 -0.49287
v 1.15298 1.69404 -0.53735
v 1.15500 0.33537 1.04292
v 1.15500 0.36762 0.94827
v 1.15500 0.39533 0.80683
v 1.15500 0.43003 1.07517
v 1.15500 0.45525 0.72677
v 1.15500 0.46228 0.98051
v 1.15500 0.47539 0.86675
v 1.15500 0.53201 1.19067
v 1.15500 0.53342 1.09068
v 1.15500 0.53531 0.78669
v 1.15500 0.62062 0.78153
v 1.15500 0.63200 1.19208
v 1.15500 0.63341 1.09209
v 1.15500 0.67825 0.86325
v 1.15500 0.70031 0.97357
v 1.15500 0.70235 0.72390
v 1.15500 0.72986 1.06911
v 1.15500 0.75997 0.80563
v 1.15500 0.79584 0.94402
v 1.15500 0.82539 1.03955
v 1.15504 2.72489 -0.50969
v 1.15865 2.72904 -0.49902
v 1.16186 2.44542 -0.43731
v 1.16280 0.00525 -1.03679
v 1.16280 0.04679 -0.69468
v 1.16280 0.12745 -1.35901
v 1.16280 0.24255 -0.41107
v 1.16280 0.38540 -1.58753
v 1.16280 0.54769 -0.25092
v 1.16280 0.72000 -1.67000
v 1.16280 0.89231 -0.25092
v 1.16280 1.05460 -1.58753
v 1.16280 1.19745 -0.41107
v 1.16280 1.31255 -1.35901
v 1.16280 1.39321 -0.69468
v 1.16280 1.43475 -1.03679
v 1.16306 2.06128 -0.34290
v 1.16823 2.41654 -0.48185
v 1.16924 2.06753 0.10442
v 1.17011 2.02705 -0.02060
v 1.17033 2.06176 0.04964
v 1.17255 2.03783 0.73469
v 1.17453 2.03672 0.77577
v 1.17485 2.13716 -0.22441
v 1.17506 1.74622 -0.60762
v 1.17601 1.75319 -0.59789
v 1.18178 1.73633 -0.60859
v 1.18273 1.74329 -0.59886
v 1.18367 1.75026 -0.58914
v 1.18427 1.98168 -0.02508
v 1.18945 1.73340 -0.59984
v 1.19000 0.47560 0.95000
v 1.19000 0.50618 0.87618
v 1.19000 0.50618 1.02382
v 1.19000 0.58000 0.84560
v 1.19000 0.58000 0.95000
v 1.19000 0.58000 1.05440
v 1.19000 0.65382 0.87618
v 1.19000 0.65382 1.02382
v 1.19000 0.68440 0.95000
v 1.19040 1.74036 -0.59011
v 1.19505 2.01166 0.71229
v 1.19902 2.00943 0.79445
v 1.20000 0.32740 0.98632
v 1.20000 0.34786 0.84399
v 1.20000 0.38713 1.11712
v 1.20000 0.44203 0.73531
v 1.20000 0.50810 1.19486
v 1.20000 0.58000 0.69480
v 1.20000 0.58000 0.95000
v 1.20000 0.65190 1.19486
v 1.20000 0.71797 0.73531
v 1.20000 0.77287 1.11712
v 1.20000 0.81214 0.84399
v 1.20000 0.83260 0.98632
v 1.20000 1.58610 -0.90019
v 1.20137 2.59708 -0.55487
v 1.20227 2.07808 -0.27343
v 1.20280 2.59060 -0.56487
v 1.20500 0.33537 1.04292
v 1.20500 0.36762 0.94827
v 1.20500 0.39533 0.80683
v 1.20500 0.43003 1.07517
v 1.20500 0.45525 0.72677
v 1.20500 0.46228 0.98051
v 1.20500 0.47539 0.86675
v 1.20500 0.53201 1.19067
v 1.20500 0.53342 1.09068
v 1.20500 0.53531 0.78669
v 1.20500 0.62062 0.78153
v 1.20500 0.63200 1.19208
v 1.20500 0.63341 1.09209
v 1.20500 0.67825 0.86325
v 1.20500 0.70031 0.97357
v 1.20500 0.70235 0.72390
v 1.20500 0.72986 1.06911
v 1.20500 0.75997 0.80563
v 1.20500 0.79584 0.94402
v 1.20500 0.82539 1.03955
v 1.20549 2.34087 0.62986
v 1.20599 2.33925 0.61798
v 1.20977 2.59683 -0.54630
v 1.21000 0.34941 -0.89672
v 1.21000 0.37943 -1.10553
v 1.21000 0.43705 -0.70482
v 1.21000 0.51758 -1.26497
v 1.21000 0.61452 -0.59077
v 1.21000 0.72000 -1.32440
v 1.21000 0.72000 -0.95000
v 1.21000 0.82548 -0.59077
v 1.21000 0.92242 -1.26497
v 1.21000 1.00295 -0.70482
v 1.21000 1.06057 -1.10553
v 1.21000 1.09059 -0.89672
v 1.21120 2.59034 -0.55630
v 1.21263 2.58386 -0.56630
v 1.21320 -0.06209 -1.25016
v 1.21320 -0.06209 -0.64984
v 1.21320 0.00684 -0.97053
v 1.21320 0.00684 -0.92947
v 1.21320 0.03501 -1.27409
v 1.21320 0.03501 -0.62591
v 1.21320 0.04816 -1.50208
v 1.21320 0.04816 -0.39792
v 1.21320 0.10393 -0.99446
v 1.21320 0.10393 -0.90554
v 1.21320 0.12301 -1.56839
v 1.21320 0.12301 -0.33161
v 1.21320 0.23914 -1.28651
v 1.21320 0.23914 -0.61349
v 1.21320 0.31231 -1.62752
v 1.21320 0.31231 -0.27248
v 1.21320 0.31399 -1.35282
v 1.21320 0.31399 -0.54718
v 1.21320 0.34777 -1.72103
v 1.21320 0.34777 -0.17897
v 1.21320 0.58160 -1.52540
v 1.21320 0.58160 -0.37460
v 1.21320 0.61706 -1.61890
v 1.21320 0.61706 -0.28110
v 1.21320 0.65781 -1.69703
v 1.21320 0.65781 -0.20297
v 1.21320 0.66986 -1.59776
v 1.21320 0.66986 -0.30224
v 1.21320 0.94371 -1.73174
v 1.21320 0.94371 -0.16826
v 1.21320 0.95576 -1.63247
v 1.21320 0.95576 -0.26753
v 1.21320 0.98209 -1.50190
v 1.21320 0.98209 -0.39810
v 1.21320 1.03890 -1.41960
v 1.21320 1.03890 -0.48040
v 1.21320 1.21911 -1.66550
v 1.21320 1.21911 -0.23450
v 1.21320 1.24634 -1.18033
v 1.21320 1.24634 -0.71967
v 1.21320 1.27592 -1.58320
v 1.21320 1.27592 -0.31680
v 1.21320 1.33488 -1.13386
v 1.21320 1.33488 -0.76614
v 1.21320 1.38018 -1.43534
v 1.21320 1.38018 -0.46466
v 1.21320 1.39000 -1.09400
v 1.21320 1.39000 -0.80600
v 1.21320 1.46872 -1.38887
v 1.21320 1.46872 -0.51113
v 1.21320 1.49000 -1.09400
v 1.21320 1.49000 -0.80600
v 1.21327 2.33520 0.63702
v 1.21377 2.33358 0.62514
v 1.21427 2.33196 0.61326
v 1.21486 2.23423 -0.10491
v 1.21499 2.25448 -0.06394
v 1.21953 1.98437 0.73097
v 1.21959 2.59009 -0.54773
v 1.22000 -0.13373 -1.05366
v 1.22000 -0.08411 -0.64504
v 1.22000 0.01223 -1.43854
v 1.22000 0.14971 -0.30628
v 1.22000 0.32034 -1.71149
v 1.22000 0.51419 -0.11499
v 1.22000 0.72000 -1.81000
v 1.22000 0.92581 -0.11499
v 1.22000 1.11966 -1.71149
v 1.22000 1.29029 -0.30628
v 1.22000 1.42777 -1.43854
v 1.22000 1.52411 -0.64504
v 1.22000 1.55192 -1.45914
v 1.22000 1.57373 -1.05366
v 1.22102 2.58361 -0.55773
v 1.22152 1.98326 0.77205
v 1.22155 2.32791 0.63231
v 1.22205 2.32629 0.62043
v 1.22769 2.29778 -0.41666
v 1.23000 0.05528 -1.03071
v 1.23000 0.09391 -0.71256
v 1.23000 0.16893 -1.33038
v 1.23000 0.27597 -0.44880
v 1.23000 0.40882 -1.54290
v 1.23000 0.55975 -0.29986
v 1.23000 0.72000 -1.61960
v 1.23000 0.72000 -0.95000
v 1.23000 0.88025 -0.29986
v 1.23000 1.03118 -1.54290
v 1.23000 1.16403 -0.44880
v 1.23000 1.27107 -1.33038
v 1.23000 1.34609 -0.71256
v 1.23000 1.38472 -1.03071
v 1.23853 2.02352 0.14163
v 1.24369 2.26331 -0.44526
v 1.24534 2.20149 -0.11432
v 1.24560 2.24199 -0.03237
v 1.24584 1.44530 -0.89157
v 1.24584 1.72691 -0.90880
v 1.25057 2.30758 -0.37614
v 1.25356 1.93768 0.01213
v 1.25500 0.43164 -0.84218
v 1.25500 0.46388 -0.93684
v 1.25500 0.50764 -1.13015
v 1.25500 0.52630 -0.80993
v 1.25500 0.55854 -0.90459
v 1.25500 0.56756 -1.21022
v 1.25500 0.58771 -1.07024
v 1.25500 0.64762 -1.15030
v 1.25500 0.67266 -0.66314
v 1.25500 0.67408 -0.76313
v 1.25500 0.77265 -0.66172
v 1.25500 0.77407 -0.76171
v 1.25500 0.78725 -1.15623
v 1.25500 0.84487 -1.07450
v 1.25500 0.86897 -1.21386
v 1.25500 0.88445 -0.91278
v 1.25500 0.91400 -0.81724
v 1.25500 0.92660 -1.13213
v 1.25500 0.97998 -0.94233
v 1.25500 1.00953 -0.84679
v 1.26000 0.72000 -0.95000
v 1.26000 1.73018 1.45541
v 1.26202 1.42285 -1.45125
v 1.26202 1.68099 -1.46704
v 1.27000 1.74605 1.71493
v 1.27500 1.61175 -0.48097
v 1.27500 1.61663 -0.40112
v 1.27500 1.62884 -0.20149
v 1.27500 1.63372 -0.12164
v 1.27500 1.64593 0.07799
v 1.27500 1.65082 0.15784
v 1.27594 2.18900 -0.08276
v 1.27607 2.20925 -0.04178
v 1.28000 0.49880 0.95000
v 1.28000 0.52258 0.89258
v 1.28000 0.52258 1.00742
v 1.28000 0.58000 0.86880
v 1.28000 0.58000 0.95000
v 1.28000 0.58000 1.03120
v 1.28000 0.63742 0.89258
v 1.28000 0.63742 1.00742
v 1.28000 0.66120 0.95000
v 1.28068 1.95860 0.09549
v 1.28256 2.23865 -0.43333
v 1.28944 2.28292 -0.36421
v 1.29000 0.59040 -0.95000
v 1.29000 0.62836 -1.04164
v 1.29000 0.62836 -0.85836
v 1.29000 0.72000 -1.07960
v 1.29000 0.72000 -0.95000
v 1.29000 0.72000 -0.82040
v 1.29000 0.81164 -1.04164
v 1.29000 0.81164 -0.85836
v 1.29000 0.84960 -0.95000
v 1.29000 1.59465 -0.76045
v 1.29438 1.62458 1.46187
v 1.29438 1.83578 1.44895
v 1.30000 0.40642 -0.90491
v 1.30000 0.43183 -1.08160
v 1.30000 0.48058 -0.74254
v 1.30000 0.54872 -1.21651
v 1.30000 0.63075 -0.64603
v 1.30000 0.72000 -1.26680
v 1.30000 0.72000 -0.95000
v 1.30000 0.80925 -0.64603
v 1.30000 0.89128 -1.21651
v 1.30000 0.95942 -0.74254
v 1.30000 1.00817 -1.08160
v 1.30000 1.03358 -0.90491
v 1.30000 1.45000 -1.26000
v 1.30000 1.45000 -0.86000
v 1.30000 1.91000 -1.26000
v 1.30000 1.91000 -0.86000
v 1.30247 1.64631 1.72103
v 1.30247 1.84579 1.70883
v 1.30500 0.43164 -0.84218
v 1.30500 0.46388 -0.93684
v 1.30500 0.50764 -1.13015
v 1.30500 0.52630 -0.80993
v 1.30500 0.55854 -0.90459
v 1.30500 0.56756 -1.21022
v 1.30500 0.58771 -1.07024
v 1.30500 0.64762 -1.15030
v 1.30500 0.67266 -0.66314
v 1.30500 0.67408 -0.76313
v 1.30500 0.77265 -0.66172
v 1.30500 0.77407 -0.76171
v 1.30500 0.78725 -1.15623
v 1.30500 0.84487 -1.07450
v 1.30500 0.86897 -1.21386
v 1.30500 0.88445 -0.91278
v 1.30500 0.91400 -0.81724
v 1.30500 0.92660 -1.13213
v 1.30500 0.97998 -0.94233
v 1.30500 1.00953 -0.84679
v 1.30543 2.24845 -0.39281
v 1.30651 1.51494 -0.47505
v 1.30651 1.51983 -0.39520
v 1.30651 1.53204 -0.19557
v 1.30651 1.53692 -0.11572
v 1.30651 1.54913 0.08391
v 1.30651 1.55401 0.16376
v 1.30651 1.70855 -0.48689
v 1.30651 1.71343 -0.40704
v 1.30651 1.72564 -0.20741
v 1.30651 1.73053 -0.12756
v 1.30651 1.74274 0.07206
v 1.30651 1.74762 0.15192
v 1.31421 2.12797 0.74489
v 1.31478 2.12765 0.75687
v 1.31500 1.59465 -0.76045
v 1.31807 2.18593 -0.05087
v 1.31865 1.50665 -0.75507
v 1.31865 1.68265 -0.76583
v 1.32077 2.12034 0.73836
v 1.32135 2.12001 0.75034
v 1.32192 2.11969 0.76232
v 1.32791 2.11238 0.74381
v 1.32800 1.73018 1.45541
v 1.32800 1.74849 1.75485
v 1.32849 2.11206 0.75579
v 1.33389 2.19814 -0.00224
v 1.33887 1.52132 -0.75596
v 1.33887 1.66799 -0.76493
v 1.33951 2.33587 -0.13673
v 1.33954 2.34118 -0.12597
v 1.34266 2.14806 -0.07779
v 1.34751 2.32727 -0.13920
v 1.34754 2.33259 -0.12844
v 1.34758 2.33790 -0.11769
v 1.34939 1.66447 1.45943
v 1.34939 1.68278 1.75887
v 1.34939 1.79589 1.45139
v 1.34939 1.81420 1.75083
v 1.35555 2.32399 -0.13091
v 1.35558 2.32931 -0.12016
v 1.35800 1.74300 1.66502
v 1.35800 1.74971 1.77481
v 1.36150 2.40154 -0.49643
v 1.36553 2.39284 -0.50364
v 1.36584 1.35828 -0.88625
v 1.36584 1.81393 -0.91412
v 1.36727 2.40401 -0.48620
v 1.37131 2.39532 -0.49342
v 1.37202 1.34308 -1.44637
v 1.37202 1.76076 -1.47192
v 1.37366 1.69489 1.66796
v 1.37366 1.70161 1.77776
v 1.37366 1.79111 1.66208
v 1.37366 1.79782 1.77187
v 1.37431 2.17247 0.01946
v 1.37534 2.38662 -0.50063
v 1.37708 2.39779 -0.48319
v 1.38000 0.61920 -0.95000
v 1.38000 0.64872 -1.02128
v 1.38000 0.64872 -0.87872
v 1.38000 0.72000 -1.05080
v 1.38000 0.72000 -0.95000
v 1.38000 0.72000 -0.84920
v 1.38000 0.79128 -1.02128
v 1.38000 0.79128 -0.87872
v 1.38000 0.82080 -0.95000
v 1.38112 2.38909 -0.49041
v 1.38308 2.12239 -0.05608
v 1.38438 1.55931 1.46586
v 1.38438 1.90105 1.44496
v 1.38747 1.58467 1.72480
v 1.38747 1.90743 1.70506
v 1.38901 1.45511 -0.47139
v 1.38901 1.46000 -0.39154
v 1.38901 1.47221 -0.19191
v 1.38901 1.47709 -0.11206
v 1.38901 1.48930 0.08757
v 1.38901 1.49418 0.16742
v 1.38901 1.76838 -0.49055
v 1.38901 1.77326 -0.41070
v 1.38901 1.78547 -0.21107
v 1.38901 1.79035 -0.13122
v 1.38901 1.80256 0.06841
v 1.38901 1.80745 0.14826
v 1.39365 1.45226 -0.75174
v 1.39365 1.73704 -0.76916
v 1.39890 2.13459 -0.00746
v 1.40137 1.47599 -0.75319
v 1.40137 1.71331 -0.76771
v 1.40539 1.62386 1.46191
v 1.40539 1.64217 1.76135
v 1.40539 1.83650 1.44891
v 1.40539 1.85481 1.74835
v 1.41466 1.66516 1.66978
v 1.41466 1.67187 1.77958
v 1.41466 1.82084 1.66026
v 1.41466 1.82756 1.77005
v 1.44000 1.55192 -1.45914
v 1.44000 1.59465 -0.76045
v 1.44000 1.61175 -0.48097
v 1.44000 1.61663 -0.40112
v 1.44000 1.62884 -0.20149
v 1.44000 1.63372 -0.12164
v 1.44000 1.64593 0.07799
v 1.44000 1.65082 0.15784
v 1.44000 1.73018 1.45541
v 1.44000 1.74300 1.66502
v 1.44000 1.74849 1.75485
v 1.44000 1.74971 1.77481
v 1.46534 1.66516 1.66978
v 1.46534 1.67187 1.77958
v 1.46534 1.82084 1.66026
v 1.46534 1.82756 1.77005
v 1.46693 2.29225 -0.10407
v 1.47055 2.29503 -0.09297
v 1.47255 2.28360 -0.11021
v 1.47461 1.62386 1.46191
v 1.47461 1.64217 1.76135
v 1.47461 1.83650 1.44891
v 1.47461 1.85481 1.74835
v 1.47616 2.28639 -0.09911
v 1.47863 1.47599 -0.75319
v 1.47863 1.71331 -0.76771
v 1.47977 2.28918 -0.08801
v 1.48177 2.27774 -0.10526
v 1.48465 1.48392 -1.27000
v 1.48465 1.48392 -0.85000
v 1.48539 2.28053 -0.09416
v 1.48635 1.45226 -0.75174
v 1.48635 1.73704 -0.76916
v 1.48791 1.60871 -0.39000
v 1.48791 1.60871 -0.17000
v 1.49099 1.45511 -0.47139
v 1.49099 1.46000 -0.39154
v 1.49099 1.47221 -0.19191
v 1.49099 1.47709 -0.11206
v 1.49099 1.48930 0.08757
v 1.49099 1.49418 0.16742
v 1.49099 1.76838 -0.49055
v 1.49099 1.77326 -0.41070
v 1.49099 1.78547 -0.21107
v 1.49099 1.79035 -0.13122
v 1.49099 1.80256 0.06841
v 1.49099 1.80745 0.14826
v 1.49253 1.58467 1.72480
v 1.49253 1.90743 1.70506
v 1.49562 1.55931 1.46586
v 1.49562 1.90105 1.44496
v 1.50634 1.69489 1.66796
v 1.50634 1.70161 1.77776
v 1.50634 1.79111 1.66208
v 1.50634 1.79782 1.77187
v 1.50798 1.34308 -1.44637
v 1.50798 1.76076 -1.47192
v 1.51416 1.35828 -0.88625
v 1.51416 1.81393 -0.91412
v 1.52200 1.74300 1.66502
v 1.52200 1.74971 1.77481
v 1.53061 1.66447 1.45943
v 1.53061 1.68278 1.75887
v 1.53061 1.79589 1.45139
v 1.53061 1.81420 1.75083
v 1.54113 1.52132 -0.75596
v 1.54113 1.66799 -0.76493
v 1.55200 1.73018 1.45541
v 1.55200 1.74849 1.75485
v 1.56135 1.50665 -0.75507
v 1.56135 1.68265 -0.76583
v 1.56500 1.59465 -0.76045
v 1.56925 1.49477 -0.39000
v 1.56925 1.49477 -0.17000
v 1.57144 1.70768 -1.27000
v 1.57144 1.70768 -0.85000
v 1.57349 1.51494 -0.47505
v 1.57349 1.51983 -0.39520
v 1.57349 1.53204 -0.19557
v 1.57349 1.53692 -0.11572
v 1.57349 1.54913 0.08391
v 1.57349 1.55401 0.16376
v 1.57349 1.70855 -0.48689
v 1.57349 1.71343 -0.40704
v 1.57349 1.72564 -0.20741
v 1.57349 1.73053 -0.12756
v 1.57349 1.74274 0.07206
v 1.57349 1.74762 0.15192
v 1.57753 1.64631 1.72103
v 1.57753 1.84579 1.70883
v 1.58000 1.45000 -1.26000
v 1.58000 1.45000 -0.86000
v 1.58000 1.91000 -1.26000
v 1.58000 1.91000 -0.86000
v 1.58562 1.62458 1.46187
v 1.58562 1.83578 1.44895
v 1.59000 1.59465 -0.76045
v 1.60500 1.61175 -0.48097
v 1.60500 1.61663 -0.40112
v 1.60500 1.62884 -0.20149
v 1.60500 1.63372 -0.12164
v 1.60500 1.64593 0.07799
v 1.60500 1.65082 0.15784
v 1.61000 1.74605 1.71493
v 1.61798 1.42285 -1.45125
v 1.61798 1.68099 -1.46704
v 1.62000 1.73018 1.45541
v 1.63416 1.44530 -0.89157
v 1.63416 1.72691 -0.90880
v 1.66000 1.55192 -1.45914
v 1.68000 1.58610 -0.90019
g fur
usemtl fur
f 872 1204 859
f 1525 1227 1204
f 1204 1227 859
f 871 858 1203
f 1524 1203 1226
f 858 1226 1203
f 871 785 858
f 745 792 785
f 785 792 858
f 872 859 786
f 745 786 793
f 859 793 786
f 745 793 792
f 3602 3623 3279
f 2940 3279 3256
f 3623 3256 3279
f 1525 1905 1910
f 2206 2212 1905
f 1910 1905 2212
f 872 1202 1204
f 1523 1486 1202
f 1525 1204 1486
f 1202 1486 1204
f 2206 1903 2198
f 1525 1486 1905
f 1523 1903 1486
f 2206 1905 1903
f 1486 1903 1905
f 872 786 857
f 745 791 786
f 871 856 785
f 745 785 790
f 871 1203 1201
f 1524 1485 1203
f 1522 1201 1485
f 1203 1485 1201
f 2205 1904 2211
f 1524 1909 1904
f 2211 1904 1909
f 2205 2197 1902
f 1524 1904 1485
f 2205 1902 1904
f 1522 1485 1902
f 1904 1902 1485
f 3601 3278 3622
f 2939 3255 3278
f 3278 3255 3622
f 3602 3277 3621
f 3601 3620 3276
f 3601 3708 3620
f 3762 3694 3708
f 3602 3621 3709
f 3762 3709 3695
f 2206 2198 2506
f 3602 3279 3277
f 2940 2993 3279
f 2938 3277 2993
f 3279 2993 3277
f 2206 2508 2212
f 2940 2502 2508
f 2212 2508 2502
f 2938 2993 2506
f 2940 2508 2993
f 2206 2506 2508
f 2993 2508 2506
f 872 857 1202
f 871 1201 856
f 3601 3276 3278
f 2937 2992 3276
f 2939 3278 2992
f 3276 2992 3278
f 2205 2505 2197
f 2939 2507 2501
f 2205 2211 2507
f 2501 2507 2211
f 2937 2505 2992
f 2205 2507 2505
f 2939 2992 2507
f 2505 2507 2992
f 3602 3709 3623
f 3762 3697 3709
f 3709 3697 3623
f 3601 3622 3708
f 3762 3708 3696
f 3622 3696 3708
f 3762 3696 3697
f 1762 1554 1858
f 1453 1667 1554
f 1948 1858 1667
f 1554 1667 1858
f 1373 1540 1357
f 1791 1567 1540
f 1453 1357 1567
f 1540 1567 1357
f 2210 2076 1992
f 1948 1866 2076
f 1791 1992 1866
f 2076 1866 1992
f 1453 1567 1667
f 1791 1866 1567
f 1948 1667 1866
f 1567 1866 1667
f 1762 1858 1974
f 1948 2066 1858
f 2219 1974 2066
f 1858 2066 1974
f 2210 2320 2076
f 2458 2214 2320
f 1948 2076 2214
f 2320 2214 2076
f 2639 2416 2564
f 2219 2329 2416
f 2458 2564 2329
f 2416 2329 2564
f 1948 2214 2066
f 2458 2329 2214
f 2219 2066 2329
f 2214 2329 2066
f 1762 1974 1857
f 2219 2065 1974
f 1947 1857 2065
f 1974 2065 1857
f 2639 2563 2416
f 2457 2328 2563
f 2219 2416 2328
f 2563 2328 2416
f 2209 2075 2319
f 1947 2213 2075
f 2457 2319 2213
f 2075 2213 2319
f 2219 2328 2065
f 2457 2213 2328
f 1947 2065 2213
f 2328 2213 2065
f 1762 1857 1553
f 1947 1666 1857
f 1452 1553 1666
f 1857 1666 1553
f 2209 1991 2075
f 1790 1865 1991
f 1947 2075 1865
f 1991 1865 2075
f 1372 1356 1539
f 1452 1566 1356
f 1790 1539 1566
f 1356 1566 1539
f 1947 1865 1666
f 1790 1566 1865
f 1452 1666 1566
f 1865 1566 1666
f 1762 1553 1554
f 1452 1374 1553
f 1453 1554 1374
f 1553 1374 1554
f 1372 1247 1356
f 1211 1259 1247
f 1452 1356 1259
f 1247 1259 1356
f 1373 1357 1248
f 1453 1260 1357
f 1211 1248 1260
f 1357 1260 1248
f 1452 1259 1374
f 1211 1260 1259
f 1453 1374 1260
f 1259 1260 1374
f 2639 2564 2901
f 2458 2733 2564
f 3039 2901 2733
f 2564 2733 2901
f 2210 2396 2320
f 2622 2555 2396
f 2458 2320 2555
f 2396 2555 2320
f 3117 3137 2919
f 3039 2889 3137
f 2622 2919 2889
f 3137 2889 2919
f 2458 2555 2733
f 2622 2889 2555
f 3039 2733 2889
f 2555 2889 2733
f 2210 1992 2208
f 1791 1987 1992
f 2204 2208 1987
f 1992 1987 2208
f 1373 1538 1540
f 1789 1761 1538
f 1791 1540 1761
f 1538 1761 1540
f 2188 2195 1990
f 2204 1985 2195
f 1789 1990 1985
f 2195 1985 1990
f 1791 1761 1987
f 1789 1985 1761
f 2204 1987 1985
f 1761 1985 1987
f 1373 1248 1355
f 1211 1258 1248
f 1451 1355 1258
f 1248 1258 1355
f 1372 1354 1247
f 1450 1257 1354
f 1211 1247 1257
f 1354 1257 1247
f 1759 1552 1551
f 1451 1371 1552
f 1450 1551 1371
f 1552 1371 1551
f 1211 1257 1258
f 1450 1371 1257
f 1451 1258 1371
f 1257 1371 1258
f 1372 1539 1537
f 1790 1760 1539
f 1788 1537 1760
f 1539 1760 1537
f 2209 2207 1991
f 2203 1986 2207
f 1790 1991 1986
f 2207 1986 1991
f 2187 1989 2194
f 1788 1984 1989
f 2203 2194 1984
f 1989 1984 2194
f 1790 1986 1760
f 2203 1984 1986
f 1788 1760 1984
f 1986 1984 1760
f 2209 2319 2395
f 2457 2554 2319
f 2621 2395 2554
f 2319 2554 2395
f 2639 2900 2563
f 3038 2732 2900
f 2457 2563 2732
f 2900 2732 2563
f 3116 2918 3136
f 2621 2888 2918
f 3038 3136 2888
f 2918 2888 3136
f 2457 2732 2554
f 3038 2888 2732
f 2621 2554 2888
f 2732 2888 2554
f 2636 2899 2562
f 3037 2731 2899
f 2456 2562 2731
f 2899 2731 2562
f 3117 2917 3135
f 2620 2887 2917
f 3037 3135 2887
f 2917 2887 3135
f 2188 2318 2394
f 2456 2553 2318
f 2620 2394 2553
f 2318 2553 2394
f 3037 2887 2731
f 2620 2553 2887
f 2456 2731 2553
f 2887 2553 2731
f 2636 2562 2415
f 2456 2327 2562
f 2180 2415 2327
f 2562 2327 2415
f 2188 2074 2318
f 1946 2184 2074
f 2456 2318 2184
f 2074 2184 2318
f 1759 1973 1856
f 2180 2064 1973
f 1946 1856 2064
f 1973 2064 1856
f 2456 2184 2327
f 1946 2064 2184
f 2180 2327 2064
f 2184 2064 2327
f 2636 2415 2561
f 2180 2326 2415
f 2455 2561 2326
f 2415 2326 2561
f 1759 1855 1973
f 1945 2063 1855
f 2180 1973 2063
f 1855 2063 1973
f 2187 2317 2073
f 2455 2183 2317
f 1945 2073 2183
f 2317 2183 2073
f 2180 2063 2326
f 1945 2183 2063
f 2455 2326 2183
f 2063 2183 2326
f 2636 2561 2898
f 2455 2730 2561
f 3036 2898 2730
f 2561 2730 2898
f 2187 2393 2317
f 2619 2552 2393
f 2455 2317 2552
f 2393 2552 2317
f 3116 3134 2916
f 3036 2886 3134
f 2619 2916 2886
f 3134 2886 2916
f 2455 2552 2730
f 2619 2886 2552
f 3036 2730 2886
f 2552 2886 2730
f 2636 2898 2899
f 3036 3115 2898
f 3037 2899 3115
f 2898 3115 2899
f 3116 3237 3134
f 3266 3225 3237
f 3036 3134 3225
f 3237 3225 3134
f 3117 3135 3238
f 3037 3226 3135
f 3266 3238 3226
f 3135 3226 3238
f 3036 3225 3115
f 3266 3226 3225
f 3037 3115 3226
f 3225 3226 3115
f 2188 2394 2195
f 2620 2400 2394
f 2204 2195 2400
f 2394 2400 2195
f 3117 2919 2917
f 2622 2638 2919
f 2620 2917 2638
f 2919 2638 2917
f 2210 2208 2396
f 2204 2402 2208
f 2622 2396 2402
f 2208 2402 2396
f 2620 2638 2400
f 2622 2402 2638
f 2204 2400 2402
f 2638 2402 2400
f 1759 1856 1552
f 1946 1665 1856
f 1451 1552 1665
f 1856 1665 1552
f 2188 1990 2074
f 1789 1864 1990
f 1946 2074 1864
f 1990 1864 2074
f 1373 1355 1538
f 1451 1565 1355
f 1789 1538 1565
f 1355 1565 1538
f 1946 1864 1665
f 1789 1565 1864
f 1451 1665 1565
f 1864 1565 1665
f 2187 2073 1989
f 1945 1863 2073
f 1788 1989 1863
f 2073 1863 1989
f 1759 1551 1855
f 1450 1664 1551
f 1945 1855 1664
f 1551 1664 1855
f 1372 1537 1354
f 1788 1564 1537
f 1450 1354 1564
f 1537 1564 1354
f 1945 1664 1863
f 1450 1564 1664
f 1788 1863 1564
f 1664 1564 1863
f 3116 2916 2918
f 2619 2637 2916
f 2621 2918 2637
f 2916 2637 2918
f 2187 2194 2393
f 2203 2399 2194
f 2619 2393 2399
f 2194 2399 2393
f 2209 2395 2207
f 2621 2401 2395
f 2203 2207 2401
f 2395 2401 2207
f 2619 2399 2637
f 2203 2401 2399
f 2621 2637 2401
f 2399 2401 2637
f 3117 3238 3137
f 3266 3228 3238
f 3039 3137 3228
f 3238 3228 3137
f 3116 3136 3237
f 3038 3227 3136
f 3266 3237 3227
f 3136 3227 3237
f 2639 2901 2900
f 3039 3118 2901
f 3038 2900 3118
f 2901 3118 2900
f 3266 3227 3228
f 3038 3118 3227
f 3039 3228 3118
f 3227 3118 3228
g fur_dark
usemtl fur_dark
f 1487 1218 1629
f 922 1388 1218
f 1849 1629 1388
f 1218 1388 1629
f 922 859 1227
f 2216 2014 1910
f 1849 1638 2014
f 1525 1910 1638
f 2014 1638 1910
f 922 1227 1388
f 1525 1638 1227
f 1849 1388 1638
f 1227 1638 1388
f 1487 1629 1892
f 1849 2008 1629
f 2224 1892 2008
f 1629 2008 1892
f 2216 2375 2014
f 2574 2223 2375
f 1849 2014 2223
f 2375 2223 2014
f 2994 2520 2780
f 2224 2380 2520
f 2574 2780 2380
f 2520 2380 2780
f 1849 2223 2008
f 2574 2380 2223
f 2224 2008 2380
f 2223 2380 2008
f 1487 1892 1628
f 2224 2007 1892
f 1848 1628 2007
f 1892 2007 1628
f 2994 2779 2520
f 2573 2379 2779
f 2224 2520 2379
f 2779 2379 2520
f 2215 2013 2374
f 1848 2222 2013
f 2573 2374 2222
f 2013 2222 2374
f 2224 2379 2007
f 2573 2222 2379
f 1848 2007 2222
f 2379 2222 2007
f 1487 1628 1217
f 1848 1387 1628
f 921 1217 1387
f 1628 1387 1217
f 2215 1909 2013
f 1524 1637 1909
f 1848 2013 1637
f 1909 1637 2013
f 921 1226 858
f 1848 1637 1387
f 1524 1226 1637
f 921 1387 1226
f 1637 1226 1387
f 1487 1217 1218
f 921 873 1217
f 922 1218 873
f 1217 873 1218
f 921 858 792
f 922 793 859
f 921 792 873
f 922 873 793
f 792 793 873
f 2994 2780 3262
f 2574 3106 2780
f 3553 3262 3106
f 2780 3106 3262
f 2216 2502 2375
f 2940 2764 2502
f 2574 2375 2764
f 2502 2764 2375
f 3553 3256 3623
f 2574 2764 3106
f 2940 3256 2764
f 3553 3106 3256
f 2764 3256 3106
f 2216 1910 2212
f 2215 2211 1909
f 2215 2374 2501
f 2573 2763 2374
f 2939 2501 2763
f 2374 2763 2501
f 2994 3261 2779
f 3552 3105 3261
f 2573 2779 3105
f 3261 3105 2779
f 3552 3622 3255
f 2573 3105 2763
f 3552 3255 3105
f 2939 2763 3255
f 3105 3255 2763
f 2216 2212 2502
f 2215 2501 2211
f 3553 3623 3697
f 3552 3696 3622
f 2994 3262 3261
f 3553 3603 3262
f 3552 3261 3603
f 3262 3603 3261
f 3552 3603 3696
f 3553 3697 3603
f 3696 3603 3697
f 1646 1562 1727
f 1527 1632 1562
f 1803 1727 1632
f 1562 1632 1727
f 1646 1727 1823
f 1803 1883 1727
f 1932 1823 1883
f 1727 1883 1823
f 1646 1823 1726
f 1932 1882 1823
f 1802 1726 1882
f 1823 1882 1726
f 1646 1726 1561
f 1802 1631 1726
f 1526 1561 1631
f 1726 1631 1561
f 1646 1561 1562
f 1526 1482 1561
f 1527 1562 1482
f 1561 1482 1562
f 1932 1883 1970
f 1803 1922 1883
f 1963 1970 1922
f 1883 1922 1970
f 1803 1632 1793
f 1527 1612 1632
f 1774 1793 1612
f 1632 1612 1793
f 1527 1482 1519
f 1526 1518 1482
f 1590 1519 1518
f 1482 1518 1519
f 1526 1631 1611
f 1802 1792 1631
f 1773 1611 1792
f 1631 1792 1611
f 1802 1882 1921
f 1932 1969 1882
f 1962 1921 1969
f 1882 1969 1921
f 1884 1941 1839
f 1963 1896 1941
f 1774 1839 1896
f 1941 1896 1839
f 1884 1839 1752
f 1774 1649 1839
f 1590 1752 1649
f 1839 1649 1752
f 1884 1752 1838
f 1590 1648 1752
f 1773 1838 1648
f 1752 1648 1838
f 1884 1838 1940
f 1773 1895 1838
f 1962 1940 1895
f 1838 1895 1940
f 1884 1940 1941
f 1962 1999 1940
f 1963 1941 1999
f 1940 1999 1941
f 1774 1896 1793
f 1963 1922 1896
f 1803 1793 1922
f 1896 1922 1793
f 1590 1649 1519
f 1774 1612 1649
f 1527 1519 1612
f 1649 1612 1519
f 1773 1648 1611
f 1590 1518 1648
f 1526 1611 1518
f 1648 1518 1611
f 1962 1895 1921
f 1773 1792 1895
f 1802 1921 1792
f 1895 1792 1921
f 1963 1999 1970
f 1962 1969 1999
f 1932 1970 1969
f 1999 1969 1970
f 1167 1020 1194
f 1040 1165 1020
f 1300 1194 1165
f 1020 1165 1194
f 1167 1194 1321
f 1300 1391 1194
f 1488 1321 1391
f 1194 1391 1321
f 1167 1321 1261
f 1488 1469 1321
f 1433 1261 1469
f 1321 1469 1261
f 1167 1261 1127
f 1433 1262 1261
f 1168 1127 1262
f 1261 1262 1127
f 1167 1127 1020
f 1168 1021 1127
f 1040 1020 1021
f 1127 1021 1020
f 1488 1391 1583
f 1300 1477 1391
f 1616 1583 1477
f 1391 1477 1583
f 1300 1165 1330
f 1040 1207 1165
f 1375 1330 1207
f 1165 1207 1330
f 1040 1021 1166
f 1168 1196 1021
f 1303 1166 1196
f 1021 1196 1166
f 1168 1262 1323
f 1433 1470 1262
f 1491 1323 1470
f 1262 1470 1323
f 1433 1469 1579
f 1488 1619 1469
f 1687 1579 1619
f 1469 1619 1579
f 1618 1654 1514
f 1616 1513 1654
f 1375 1514 1513
f 1654 1513 1514
f 1618 1514 1479
f 1375 1331 1514
f 1303 1479 1331
f 1514 1331 1479
f 1618 1479 1586
f 1303 1422 1479
f 1491 1586 1422
f 1479 1422 1586
f 1618 1586 1712
f 1491 1621 1586
f 1687 1712 1621
f 1586 1621 1712
f 1618 1712 1654
f 1687 1711 1712
f 1616 1654 1711
f 1712 1711 1654
f 1375 1513 1330
f 1616 1477 1513
f 1300 1330 1477
f 1513 1477 1330
f 1303 1331 1166
f 1375 1207 1331
f 1040 1166 1207
f 1331 1207 1166
f 1491 1422 1323
f 1303 1196 1422
f 1168 1323 1196
f 1422 1196 1323
f 1687 1621 1579
f 1491 1470 1621
f 1433 1579 1470
f 1621 1470 1579
f 1616 1711 1583
f 1687 1619 1711
f 1488 1583 1619
f 1711 1619 1583
f 931 848 1046
f 821 886 848
f 1172 1046 886
f 848 886 1046
f 931 1046 1206
f 1172 1284 1046
f 1346 1206 1284
f 1046 1284 1206
f 931 1206 1045
f 1346 1283 1206
f 1171 1045 1283
f 1206 1283 1045
f 931 1045 847
f 1171 885 1045
f 820 847 885
f 1045 885 847
f 931 847 848
f 820 803 847
f 821 848 803
f 847 803 848
f 1346 1284 1426
f 1172 1297 1284
f 1360 1426 1297
f 1284 1297 1426
f 1172 886 1125
f 821 862 886
f 962 1125 862
f 886 862 1125
f 821 803 807
f 820 806 803
f 828 807 806
f 803 806 807
f 820 885 861
f 1171 1124 885
f 961 861 1124
f 885 1124 861
f 1171 1283 1296
f 1346 1425 1283
f 1359 1296 1425
f 1283 1425 1296
f 1191 1315 1148
f 1360 1234 1315
f 962 1148 1234
f 1315 1234 1148
f 1191 1148 918
f 962 868 1148
f 828 918 868
f 1148 868 918
f 1191 918 1147
f 828 867 918
f 961 1147 867
f 918 867 1147
f 1191 1147 1314
f 961 1233 1147
f 1359 1314 1233
f 1147 1233 1314
f 1191 1314 1315
f 1359 1440 1314
f 1360 1315 1440
f 1314 1440 1315
f 962 1234 1125
f 1360 1297 1234
f 1172 1125 1297
f 1234 1297 1125
f 828 868 807
f 962 862 868
f 821 807 862
f 868 862 807
f 961 867 861
f 828 806 867
f 820 861 806
f 867 806 861
f 1359 1233 1296
f 961 1124 1233
f 1171 1296 1124
f 1233 1124 1296
f 1360 1440 1426
f 1359 1425 1440
f 1346 1426 1425
f 1440 1425 1426
f 2477 2422 2530
f 2430 2487 2422
f 2612 2530 2487
f 2422 2487 2530
f 2477 2530 2597
f 2612 2675 2530
f 2754 2597 2675
f 2530 2675 2597
f 2477 2597 2529
f 2754 2674 2597
f 2611 2529 2674
f 2597 2674 2529
f 2477 2529 2421
f 2611 2486 2529
f 2429 2421 2486
f 2529 2486 2421
f 2477 2421 2422
f 2429 2385 2421
f 2430 2422 2385
f 2421 2385 2422
f 2754 2675 2893
f 2612 2771 2675
f 2936 2893 2771
f 2675 2771 2893
f 2612 2487 2624
f 2430 2513 2487
f 2634 2624 2513
f 2487 2513 2624
f 2430 2385 2462
f 2429 2461 2385
f 2528 2462 2461
f 2385 2461 2462
f 2429 2486 2512
f 2611 2623 2486
f 2633 2512 2623
f 2486 2623 2512
f 2611 2674 2770
f 2754 2892 2674
f 2935 2770 2892
f 2674 2892 2770
f 2851 2947 2752
f 2936 2810 2947
f 2634 2752 2810
f 2947 2810 2752
f 2851 2752 2647
f 2634 2581 2752
f 2528 2647 2581
f 2752 2581 2647
f 2851 2647 2751
f 2528 2580 2647
f 2633 2751 2580
f 2647 2580 2751
f 2851 2751 2946
f 2633 2809 2751
f 2935 2946 2809
f 2751 2809 2946
f 2851 2946 2947
f 2935 2996 2946
f 2936 2947 2996
f 2946 2996 2947
f 2634 2810 2624
f 2936 2771 2810
f 2612 2624 2771
f 2810 2771 2624
f 2528 2581 2462
f 2634 2513 2581
f 2430 2462 2513
f 2581 2513 2462
f 2633 2580 2512
f 2528 2461 2580
f 2429 2512 2461
f 2580 2461 2512
f 2935 2809 2770
f 2633 2623 2809
f 2611 2770 2623
f 2809 2623 2770
f 2936 2996 2893
f 2935 2892 2996
f 2754 2893 2892
f 2996 2892 2893
f 2990 2860 3102
f 2804 3005 2860
f 3188 3102 3005
f 2860 3005 3102
f 2990 3102 3172
f 3188 3284 3102
f 3320 3172 3284
f 3102 3284 3172
f 2990 3172 3015
f 3320 3224 3172
f 3059 3015 3224
f 3172 3224 3015
f 2990 3015 2801
f 3059 2872 3015
f 2703 2801 2872
f 3015 2872 2801
f 2990 2801 2860
f 2703 2683 2801
f 2804 2860 2683
f 2801 2683 2860
f 3320 3284 3463
f 3188 3323 3284
f 3447 3463 3323
f 3284 3323 3463
f 3188 3005 3166
f 2804 2952 3005
f 3114 3166 2952
f 3005 2952 3166
f 2804 2683 2744
f 2703 2681 2683
f 2803 2744 2681
f 2683 2681 2744
f 2703 2872 2800
f 3059 3014 2872
f 2987 2800 3014
f 2872 3014 2800
f 3059 3224 3223
f 3320 3366 3224
f 3319 3223 3366
f 3224 3366 3223
f 3187 3322 3165
f 3447 3269 3322
f 3114 3165 3269
f 3322 3269 3165
f 3187 3165 3004
f 3114 2951 3165
f 2803 3004 2951
f 3165 2951 3004
f 3187 3004 3070
f 2803 2858 3004
f 2987 3070 2858
f 3004 2858 3070
f 3187 3070 3281
f 2987 3171 3070
f 3319 3281 3171
f 3070 3171 3281
f 3187 3281 3322
f 3319 3462 3281
f 3447 3322 3462
f 3281 3462 3322
f 3114 3269 3166
f 3447 3323 3269
f 3188 3166 3323
f 3269 3323 3166
f 2803 2951 2744
f 3114 2952 2951
f 2804 2744 2952
f 2951 2952 2744
f 2987 2858 2800
f 2803 2681 2858
f 2703 2800 2681
f 2858 2681 2800
f 3319 3171 3223
f 2987 3014 3171
f 3059 3223 3014
f 3171 3014 3223
f 3447 3462 3463
f 3319 3366 3462
f 3320 3463 3366
f 3462 3366 3463
f 3150 3066 3203
f 3132 3193 3066
f 3316 3203 3193
f 3066 3193 3203
f 3150 3203 3270
f 3316 3444 3203
f 3544 3270 3444
f 3203 3444 3270
f 3150 3270 3202
f 3544 3443 3270
f 3315 3202 3443
f 3270 3443 3202
f 3150 3202 3065
f 3315 3192 3202
f 3131 3065 3192
f 3202 3192 3065
f 3150 3065 3066
f 3131 3053 3065
f 3132 3066 3053
f 3065 3053 3066
f 3544 3444 3630
f 3316 3583 3444
f 3661 3630 3583
f 3444 3583 3630
f 3316 3193 3368
f 3132 3248 3193
f 3520 3368 3248
f 3193 3248 3368
f 3132 3053 3181
f 3131 3180 3053
f 3286 3181 3180
f 3053 3180 3181
f 3131 3192 3247
f 3315 3367 3192
f 3519 3247 3367
f 3192 3367 3247
f 3315 3443 3582
f 3544 3629 3443
f 3660 3582 3629
f 3443 3629 3582
f 3651 3681 3609
f 3661 3619 3681
f 3520 3609 3619
f 3681 3619 3609
f 3651 3609 3554
f 3520 3344 3609
f 3286 3554 3344
f 3609 3344 3554
f 3651 3554 3608
f 3286 3343 3554
f 3519 3608 3343
f 3554 3343 3608
f 3651 3608 3680
f 3519 3618 3608
f 3660 3680 3618
f 3608 3618 3680
f 3651 3680 3681
f 3660 3685 3680
f 3661 3681 3685
f 3680 3685 3681
f 3520 3619 3368
f 3661 3583 3619
f 3316 3368 3583
f 3619 3583 3368
f 3286 3344 3181
f 3520 3248 3344
f 3132 3181 3248
f 3344 3248 3181
f 3519 3343 3247
f 3286 3180 3343
f 3131 3247 3180
f 3343 3180 3247
f 3660 3618 3582
f 3519 3367 3618
f 3315 3582 3367
f 3618 3367 3582
f 3661 3685 3630
f 3660 3629 3685
f 3544 3630 3629
f 3685 3629 3630
g belly
usemtl belly
f 2186 2198 1908
f 1523 1908 1903
f 2198 1903 1908
f 920 857 791
f 786 791 857
f 919 790 856
f 856 790 785
f 1484 1216 1215
f 920 870 1216
f 919 1215 870
f 1216 870 1215
f 745 790 791
f 919 870 790
f 920 791 870
f 790 870 791
f 2185 1907 2197
f 1522 1902 1907
f 1907 1902 2197
f 2991 3260 2778
f 3551 3104 3260
f 2572 2778 3104
f 3260 3104 2778
f 2938 3254 3277
f 3551 3621 3254
f 3277 3254 3621
f 2186 2373 2500
f 2572 2762 2373
f 2938 2500 2762
f 2373 2762 2500
f 3551 3254 3104
f 2938 2762 3254
f 2572 3104 2762
f 3254 2762 3104
f 2991 2778 2519
f 2572 2378 2778
f 2179 2519 2378
f 2778 2378 2519
f 2186 2012 2373
f 1847 2182 2012
f 2572 2373 2182
f 2012 2182 2373
f 1484 1891 1627
f 2179 2006 1891
f 1847 1627 2006
f 1891 2006 1627
f 2572 2182 2378
f 1847 2006 2182
f 2179 2378 2006
f 2182 2006 2378
f 2991 2519 2777
f 2179 2377 2519
f 2571 2777 2377
f 2519 2377 2777
f 1484 1626 1891
f 1846 2005 1626
f 2179 1891 2005
f 1626 2005 1891
f 2185 2372 2011
f 2571 2181 2372
f 1846 2011 2181
f 2372 2181 2011
f 2179 2005 2377
f 1846 2181 2005
f 2571 2377 2181
f 2005 2181 2377
f 2991 2777 3259
f 2571 3103 2777
f 3550 3259 3103
f 2777 3103 3259
f 2185 2499 2372
f 2937 2761 2499
f 2571 2372 2761
f 2499 2761 2372
f 3550 3253 3620
f 2937 3276 3253
f 3620 3253 3276
f 2571 2761 3103
f 2937 3253 2761
f 3550 3103 3253
f 2761 3253 3103
f 2991 3259 3260
f 3550 3600 3259
f 3551 3260 3600
f 3259 3600 3260
f 3550 3620 3694
f 3708 3694 3620
f 3551 3695 3621
f 3621 3695 3709
f 3550 3694 3600
f 3762 3695 3694
f 3551 3600 3695
f 3694 3695 3600
f 2186 2500 2198
f 2938 2506 2500
f 2500 2506 2198
f 1484 1627 1216
f 1847 1386 1627
f 920 1216 1386
f 1627 1386 1216
f 2186 1908 2012
f 1523 1636 1908
f 1847 2012 1636
f 1908 1636 2012
f 920 1225 857
f 1523 1202 1225
f 857 1225 1202
f 1847 1636 1386
f 1523 1225 1636
f 920 1386 1225
f 1636 1225 1386
f 2185 2011 1907
f 1846 1635 2011
f 1522 1907 1635
f 2011 1635 1907
f 1484 1215 1626
f 919 1385 1215
f 1846 1626 1385
f 1215 1385 1626
f 1522 1224 1201
f 919 856 1224
f 1201 1224 856
f 1846 1385 1635
f 919 1224 1385
f 1522 1635 1224
f 1385 1224 1635
f 2185 2197 2499
f 2937 2499 2505
f 2197 2505 2499
f 2781 2523 2444
f 2781 2444 2609
f 2609 2444 2258
f 2609 2258 2277
f 2277 2258 2036
f 2277 2036 1943
f 1943 2036 1912
f 1943 1912 1671
f 1671 1912 1911
f 1671 1911 1670
f 1670 1911 2035
f 1670 2035 1942
f 1942 2035 2257
f 1942 2257 2276
f 2276 2257 2443
f 2276 2443 2608
f 2608 2443 2523
f 2608 2523 2781
f 2523 2355 2315
f 2523 2315 2444
f 2444 2315 2239
f 2444 2239 2258
f 2258 2239 2119
f 2258 2119 2036
f 2036 2119 2042
f 2036 2042 1912
f 1912 2042 2041
f 1912 2041 1911
f 1911 2041 2118
f 1911 2118 2035
f 2035 2118 2238
f 2035 2238 2257
f 2257 2238 2314
f 2257 2314 2443
f 2443 2314 2355
f 2443 2355 2523
f 2201 2609 2781
f 2201 2277 2609
f 2201 1943 2277
f 2201 1671 1943
f 2201 1670 1671
f 2201 1942 1670
f 2201 2276 1942
f 2201 2608 2276
f 2201 2781 2608
f 2196 2355 2315
f 2196 2315 2239
f 2196 2239 2119
f 2196 2119 2042
f 2196 2042 2041
f 2196 2041 2118
f 2196 2118 2238
f 2196 2238 2314
f 2196 2314 2355
f 1490 1369 1576
f 1352 1496 1369
f 1700 1576 1496
f 1369 1496 1576
f 1490 1576 1701
f 1700 1828 1576
f 1899 1701 1828
f 1576 1828 1701
f 1490 1701 1575
f 1899 1827 1701
f 1699 1575 1827
f 1701 1827 1575
f 1490 1575 1368
f 1699 1495 1575
f 1351 1368 1495
f 1575 1495 1368
f 1490 1368 1369
f 1351 1309 1368
f 1352 1369 1309
f 1368 1309 1369
f 1899 1828 1967
f 1700 1890 1828
f 1980 1967 1890
f 1828 1890 1967
f 1700 1496 1698
f 1352 1494 1496
f 1696 1698 1494
f 1496 1494 1698
f 1352 1309 1367
f 1351 1366 1309
f 1489 1367 1366
f 1309 1366 1367
f 1351 1495 1493
f 1699 1697 1495
f 1695 1493 1697
f 1495 1697 1493
f 1699 1827 1889
f 1899 1966 1827
f 1979 1889 1966
f 1827 1966 1889
f 1898 1965 1826
f 1980 1888 1965
f 1696 1826 1888
f 1965 1888 1826
f 1898 1826 1694
f 1696 1574 1826
f 1489 1694 1574
f 1826 1574 1694
f 1898 1694 1825
f 1489 1573 1694
f 1695 1825 1573
f 1694 1573 1825
f 1898 1825 1964
f 1695 1887 1825
f 1979 1964 1887
f 1825 1887 1964
f 1898 1964 1965
f 1979 2023 1964
f 1980 1965 2023
f 1964 2023 1965
f 1696 1888 1698
f 1980 1890 1888
f 1700 1698 1890
f 1888 1890 1698
f 1489 1574 1367
f 1696 1494 1574
f 1352 1367 1494
f 1574 1494 1367
f 1695 1573 1493
f 1489 1366 1573
f 1351 1493 1366
f 1573 1366 1493
f 1979 1887 1889
f 1695 1697 1887
f 1699 1889 1697
f 1887 1697 1889
f 1980 2023 1967
f 1979 1966 2023
f 1899 1967 1966
f 2023 1966 1967
f 1219 1170 1235
f 1176 1205 1170
f 1298 1235 1205
f 1170 1205 1235
f 1219 1235 1320
f 1298 1350 1235
f 1447 1320 1350
f 1235 1350 1320
f 1219 1320 1290
f 1447 1435 1320
f 1378 1290 1435
f 1320 1435 1290
f 1219 1290 1192
f 1378 1294 1290
f 1223 1192 1294
f 1290 1294 1192
f 1219 1192 1170
f 1223 1174 1192
f 1176 1170 1174
f 1192 1174 1170
f 1447 1350 1480
f 1298 1429 1350
f 1503 1480 1429
f 1350 1429 1480
f 1298 1205 1318
f 1176 1237 1205
f 1340 1318 1237
f 1205 1237 1318
f 1176 1174 1213
f 1223 1239 1174
f 1311 1213 1239
f 1174 1239 1213
f 1223 1294 1328
f 1378 1444 1294
f 1455 1328 1444
f 1294 1444 1328
f 1378 1435 1481
f 1447 1511 1435
f 1550 1481 1511
f 1435 1511 1481
f 1508 1521 1459
f 1503 1456 1521
f 1340 1459 1456
f 1521 1456 1459
f 1508 1459 1441
f 1340 1326 1459
f 1311 1441 1326
f 1459 1326 1441
f 1508 1441 1483
f 1311 1361 1441
f 1455 1483 1361
f 1441 1361 1483
f 1508 1483 1559
f 1455 1512 1483
f 1550 1559 1512
f 1483 1512 1559
f 1508 1559 1521
f 1550 1555 1559
f 1503 1521 1555
f 1559 1555 1521
f 1340 1456 1318
f 1503 1429 1456
f 1298 1318 1429
f 1456 1429 1318
f 1311 1326 1213
f 1340 1237 1326
f 1176 1213 1237
f 1326 1237 1213
f 1455 1361 1328
f 1311 1239 1361
f 1223 1328 1239
f 1361 1239 1328
f 1550 1512 1481
f 1455 1444 1512
f 1378 1481 1444
f 1512 1444 1481
f 1503 1555 1480
f 1550 1511 1555
f 1447 1480 1511
f 1555 1511 1480
f 2511 2428 2591
f 2409 2525 2428
f 2692 2591 2525
f 2428 2525 2591
f 2511 2591 2693
f 2692 2878 2591
f 2989 2693 2878
f 2591 2878 2693
f 2511 2693 2590
f 2989 2877 2693
f 2691 2590 2877
f 2693 2877 2590
f 2511 2590 2427
f 2691 2524 2590
f 2408 2427 2524
f 2590 2524 2427
f 2511 2427 2428
f 2408 2364 2427
f 2409 2428 2364
f 2427 2364 2428
f 2989 2878 3122
f 2692 2974 2878
f 3139 3122 2974
f 2878 2974 3122
f 2692 2525 2690
f 2409 2522 2525
f 2688 2690 2522
f 2525 2522 2690
f 2409 2364 2426
f 2408 2425 2364
f 2510 2426 2425
f 2364 2425 2426
f 2408 2524 2521
f 2691 2689 2524
f 2687 2521 2689
f 2524 2689 2521
f 2691 2877 2973
f 2989 3121 2877
f 3138 2973 3121
f 2877 3121 2973
f 2988 3120 2876
f 3139 2972 3120
f 2688 2876 2972
f 3120 2972 2876
f 2988 2876 2686
f 2688 2589 2876
f 2510 2686 2589
f 2876 2589 2686
f 2988 2686 2875
f 2510 2588 2686
f 2687 2875 2588
f 2686 2588 2875
f 2988 2875 3119
f 2687 2971 2875
f 3138 3119 2971
f 2875 2971 3119
f 2988 3119 3120
f 3138 3183 3119
f 3139 3120 3183
f 3119 3183 3120
f 2688 2972 2690
f 3139 2974 2972
f 2692 2690 2974
f 2972 2974 2690
f 2510 2589 2426
f 2688 2522 2589
f 2409 2426 2522
f 2589 2522 2426
f 2687 2588 2521
f 2510 2425 2588
f 2408 2521 2425
f 2588 2425 2521
f 3138 2971 2973
f 2687 2689 2971
f 2691 2973 2689
f 2971 2689 2973
f 3139 3183 3122
f 3138 3121 3183
f 2989 3122 3121
f 3183 3121 3122
f 3042 3002 3143
f 2970 3062 3002
f 3191 3143 3062
f 3002 3062 3143
f 3042 3143 3174
f 3191 3246 3143
f 3258 3174 3246
f 3143 3246 3174
f 3042 3174 3058
f 3258 3199 3174
f 3112 3058 3199
f 3174 3199 3058
f 3042 3058 2959
f 3112 2999 3058
f 2903 2959 2999
f 3058 2999 2959
f 3042 2959 3002
f 2903 2896 2959
f 2970 3002 2896
f 2959 2896 3002
f 3258 3246 3317
f 3191 3271 3246
f 3313 3317 3271
f 3246 3271 3317
f 3191 3062 3179
f 2970 3029 3062
f 3156 3179 3029
f 3062 3029 3179
f 2970 2896 2942
f 2903 2894 2896
f 2963 2942 2894
f 2896 2894 2942
f 2903 2999 2954
f 3112 3048 2999
f 3031 2954 3048
f 2999 3048 2954
f 3112 3199 3194
f 3258 3285 3199
f 3257 3194 3285
f 3199 3285 3194
f 3182 3264 3170
f 3313 3245 3264
f 3156 3170 3245
f 3264 3245 3170
f 3182 3170 3051
f 3156 3025 3170
f 2963 3051 3025
f 3170 3025 3051
f 3182 3051 3129
f 2963 2995 3051
f 3031 3129 2995
f 3051 2995 3129
f 3182 3129 3243
f 3031 3168 3129
f 3257 3243 3168
f 3129 3168 3243
f 3182 3243 3264
f 3257 3314 3243
f 3313 3264 3314
f 3243 3314 3264
f 3156 3245 3179
f 3313 3271 3245
f 3191 3179 3271
f 3245 3271 3179
f 2963 3025 2942
f 3156 3029 3025
f 2970 2942 3029
f 3025 3029 2942
f 3031 2995 2954
f 2963 2894 2995
f 2903 2954 2894
f 2995 2894 2954
f 3257 3168 3194
f 3031 3048 3168
f 3112 3194 3048
f 3168 3048 3194
f 3313 3314 3317
f 3257 3285 3314
f 3258 3317 3285
f 3314 3285 3317
g quill
usemtl quill
f 1177 746 783
f 1177 783 1242
f 1242 783 748
f 1242 748 1183
f 1183 748 635
f 1183 635 935
f 935 635 564
f 935 564 874
f 874 564 631
f 874 631 923
f 923 631 746
f 923 746 1177
f 517 214 219
f 517 219 541
f 541 219 216
f 541 216 522
f 522 216 201
f 522 201 372
f 372 201 196
f 372 196 338
f 338 196 200
f 338 200 369
f 369 200 214
f 369 214 517
f 206 214 219
f 206 219 216
f 206 216 201
f 206 201 196
f 206 196 200
f 206 200 214
f 1975 1853 1868
f 1975 1868 1996
f 1996 1868 1766
f 1996 1766 1886
f 1886 1766 1604
f 1886 1604 1717
f 1717 1604 1591
f 1717 1591 1672
f 1672 1591 1722
f 1672 1722 1850
f 1850 1722 1853
f 1850 1853 1975
f 1749 1624 1625
f 1749 1625 1763
f 1763 1625 1613
f 1763 1613 1669
f 1669 1613 1596
f 1669 1596 1594
f 1594 1596 1595
f 1594 1595 1587
f 1587 1595 1605
f 1587 1605 1650
f 1650 1605 1624
f 1650 1624 1749
f 1606 1624 1625
f 1606 1625 1613
f 1606 1613 1596
f 1606 1596 1595
f 1606 1595 1605
f 1606 1605 1624
f 2907 2945 2950
f 2907 2950 2934
f 2934 2950 2932
f 2934 2932 2862
f 2862 2932 2913
f 2862 2913 2749
f 2749 2913 2902
f 2749 2902 2729
f 2729 2902 2926
f 2729 2926 2802
f 2802 2926 2945
f 2802 2945 2907
f 2928 2945 2950
f 2928 2950 2932
f 2928 2932 2913
f 2928 2913 2902
f 2928 2902 2926
f 2928 2926 2945
f 2253 2237 2286
f 2253 2286 2344
f 2344 2286 2255
f 2344 2255 2288
f 2288 2255 2146
f 2288 2146 2147
f 2147 2146 2082
f 2147 2082 2046
f 2046 2082 2115
f 2046 2115 2104
f 2104 2115 2237
f 2104 2237 2253
f 2225 2168 2173
f 2225 2173 2246
f 2246 2173 2171
f 2246 2171 2232
f 2232 2171 2159
f 2232 2159 2151
f 2151 2159 2153
f 2151 2153 2114
f 2114 2153 2156
f 2114 2156 2132
f 2132 2156 2168
f 2132 2168 2225
f 2165 2168 2173
f 2165 2173 2171
f 2165 2171 2159
f 2165 2159 2153
f 2165 2153 2156
f 2165 2156 2168
f 1729 1505 1580
f 1729 1580 1831
f 1831 1580 1563
f 1831 1563 1806
f 1806 1563 1472
f 1806 1472 1658
f 1658 1472 1390
f 1658 1390 1560
f 1560 1390 1434
f 1560 1434 1584
f 1584 1434 1505
f 1584 1505 1729
f 1427 1325 1332
f 1427 1332 1462
f 1462 1332 1329
f 1462 1329 1457
f 1457 1329 1316
f 1457 1316 1376
f 1376 1316 1304
f 1376 1304 1337
f 1337 1304 1307
f 1337 1307 1339
f 1339 1307 1325
f 1339 1325 1427
f 1322 1325 1332
f 1322 1332 1329
f 1322 1329 1316
f 1322 1316 1304
f 1322 1304 1307
f 1322 1307 1325
f 2086 1926 1938
f 2086 1938 2124
f 2124 1938 1906
f 2124 1906 2060
f 2060 1906 1822
f 2060 1822 1954
f 1954 1822 1782
f 1954 1782 1931
f 1931 1782 1833
f 1931 1833 1976
f 1976 1833 1926
f 1976 1926 2086
f 1821 1707 1720
f 1821 1720 1837
f 1837 1720 1706
f 1837 1706 1805
f 1805 1706 1675
f 1805 1675 1750
f 1750 1675 1662
f 1750 1662 1721
f 1721 1662 1678
f 1721 1678 1764
f 1764 1678 1707
f 1764 1707 1821
f 1686 1707 1720
f 1686 1720 1706
f 1686 1706 1675
f 1686 1675 1662
f 1686 1662 1678
f 1686 1678 1707
f 2452 2464 2480
f 2452 2480 2481
f 2481 2480 2433
f 2481 2433 2405
f 2405 2433 2345
f 2405 2345 2294
f 2294 2345 2313
f 2294 2313 2268
f 2268 2313 2365
f 2268 2365 2332
f 2332 2365 2464
f 2332 2464 2452
f 2453 2438 2442
f 2453 2442 2467
f 2467 2442 2434
f 2467 2434 2436
f 2436 2434 2413
f 2436 2413 2376
f 2376 2413 2406
f 2376 2406 2361
f 2361 2406 2418
f 2361 2418 2387
f 2387 2418 2438
f 2387 2438 2453
f 2423 2438 2442
f 2423 2442 2434
f 2423 2434 2413
f 2423 2413 2406
f 2423 2406 2418
f 2423 2418 2438
f 2166 2150 2154
f 2166 2154 2231
f 2231 2154 2152
f 2231 2152 2226
f 2226 2152 2145
f 2226 2145 2142
f 2142 2145 2131
f 2142 2131 2098
f 2098 2131 2135
f 2098 2135 2117
f 2117 2135 2150
f 2117 2150 2166
f 2148 2150 2154
f 2148 2154 2152
f 2148 2152 2145
f 2148 2145 2131
f 2148 2131 2135
f 2148 2135 2150
f 2533 2670 2818
f 2533 2818 2644
f 2644 2818 2775
f 2644 2775 2618
f 2618 2775 2626
f 2618 2626 2474
f 2474 2626 2545
f 2474 2545 2359
f 2359 2545 2560
f 2359 2560 2382
f 2382 2560 2670
f 2382 2670 2533
f 2765 2848 2868
f 2765 2868 2855
f 2855 2868 2859
f 2855 2859 2842
f 2842 2859 2841
f 2842 2841 2728
f 2728 2841 2815
f 2728 2815 2646
f 2646 2815 2825
f 2646 2825 2662
f 2662 2825 2848
f 2662 2848 2765
f 2844 2848 2868
f 2844 2868 2859
f 2844 2859 2841
f 2844 2841 2815
f 2844 2815 2825
f 2844 2825 2848
f 3252 3307 3311
f 3252 3311 3273
f 3273 3311 3302
f 3273 3302 3232
f 3232 3302 3280
f 3232 3280 3157
f 3157 3280 3274
f 3157 3274 3128
f 3128 3274 3287
f 3128 3287 3177
f 3177 3287 3307
f 3177 3307 3252
f 3292 3307 3311
f 3292 3311 3302
f 3292 3302 3280
f 3292 3280 3274
f 3292 3274 3287
f 3292 3287 3307
f 1319 1265 1288
f 1319 1288 1363
f 1363 1288 1306
f 1363 1306 1446
f 1446 1306 1305
f 1446 1305 1442
f 1442 1305 1285
f 1442 1285 1349
f 1349 1285 1263
f 1349 1263 1313
f 1313 1263 1265
f 1313 1265 1319
f 1286 1265 1288
f 1286 1288 1306
f 1286 1306 1305
f 1286 1305 1285
f 1286 1285 1263
f 1286 1263 1265
f 2567 2967 2986
f 2567 2986 2585
f 2585 2986 3124
f 2585 3124 2743
f 2743 3124 3231
f 2743 3231 2956
f 2956 3231 3206
f 2956 3206 2943
f 2943 3206 3071
f 2943 3071 2700
f 2700 3071 2967
f 2700 2967 2567
f 3169 3325 3326
f 3169 3326 3178
f 3178 3326 3339
f 3178 3339 3244
f 3244 3339 3365
f 3244 3365 3306
f 3306 3365 3363
f 3306 3363 3301
f 3301 3363 3337
f 3301 3337 3236
f 3236 3337 3325
f 3236 3325 3169
f 3338 3325 3326
f 3338 3326 3339
f 3338 3339 3365
f 3338 3365 3363
f 3338 3363 3337
f 3338 3337 3325
f 924 718 779
f 924 779 1164
f 1164 779 782
f 1164 782 1173
f 1173 782 737
f 1173 737 955
f 955 737 611
f 955 611 851
f 851 611 607
f 851 607 845
f 845 607 718
f 845 718 924
f 533 321 332
f 533 332 585
f 585 332 333
f 585 333 588
f 588 333 325
f 588 325 538
f 538 325 312
f 538 312 415
f 415 312 310
f 415 310 414
f 414 310 321
f 414 321 533
f 324 321 332
f 324 332 333
f 324 333 325
f 324 325 312
f 324 312 310
f 324 310 321
f 2833 3300 3295
f 2833 3295 2830
f 2830 3295 3518
f 2830 3518 3018
f 3018 3518 3610
f 3018 3610 3201
f 3201 3610 3616
f 3201 3616 3204
f 3204 3616 3521
f 3204 3521 3023
f 3023 3521 3300
f 3023 3300 2833
f 3599 3716 3715
f 3599 3715 3598
f 3598 3715 3726
f 3598 3726 3643
f 3643 3726 3734
f 3643 3734 3683
f 3683 3734 3735
f 3683 3735 3684
f 3684 3735 3729
f 3684 3729 3644
f 3644 3729 3716
f 3644 3716 3599
f 3728 3716 3715
f 3728 3715 3726
f 3728 3726 3734
f 3728 3734 3735
f 3728 3735 3729
f 3728 3729 3716
f 3032 3549 3605
f 3032 3605 3161
f 3161 3605 3669
f 3161 3669 3299
f 3299 3669 3688
f 3299 3688 3342
f 3342 3688 3646
f 3342 3646 3249
f 3249 3646 3585
f 3249 3585 3107
f 3107 3585 3549
f 3107 3549 3032
f 3686 3804 3825
f 3686 3825 3706
f 3706 3825 3888
f 3706 3888 3761
f 3761 3888 3890
f 3761 3890 3768
f 3768 3890 3885
f 3768 3885 3737
f 3737 3885 3822
f 3737 3822 3693
f 3693 3822 3804
f 3693 3804 3686
f 3879 3804 3825
f 3879 3825 3888
f 3879 3888 3890
f 3879 3890 3885
f 3879 3885 3822
f 3879 3822 3804
f 3067 3632 3628
f 3067 3628 3061
f 3061 3628 3670
f 3061 3670 3185
f 3185 3670 3719
f 3185 3719 3296
f 3296 3719 3722
f 3296 3722 3305
f 3305 3722 3674
f 3305 3674 3200
f 3200 3674 3632
f 3200 3632 3067
f 3786 4022 4021
f 3786 4021 3785
f 3785 4021 4090
f 3785 4090 3803
f 3803 4090 4113
f 3803 4113 3910
f 3910 4113 4114
f 3910 4114 3914
f 3914 4114 4092
f 3914 4092 3821
f 3821 4092 4022
f 3821 4022 3786
f 4091 4022 4021
f 4091 4021 4090
f 4091 4090 4113
f 4091 4113 4114
f 4091 4114 4092
f 4091 4092 4022
f 3159 3597 3592
f 3159 3592 3146
f 3146 3592 3624
f 3146 3624 3198
f 3198 3624 3658
f 3198 3658 3272
f 3272 3658 3664
f 3272 3664 3290
f 3290 3664 3638
f 3290 3638 3235
f 3235 3638 3597
f 3235 3597 3159
f 3700 3808 3805
f 3700 3805 3698
f 3698 3805 3823
f 3698 3823 3718
f 3718 3823 3883
f 3718 3883 3738
f 3738 3883 3884
f 3738 3884 3759
f 3759 3884 3826
f 3759 3826 3731
f 3731 3826 3808
f 3731 3808 3700
f 3824 3808 3805
f 3824 3805 3823
f 3824 3823 3883
f 3824 3883 3884
f 3824 3884 3826
f 3824 3826 3808
f 3297 3766 3807
f 3297 3807 3423
f 3423 3807 3965
f 3423 3965 3604
f 3604 3965 3999
f 3604 3999 3640
f 3640 3999 3958
f 3640 3958 3591
f 3591 3958 3798
f 3591 3798 3362
f 3362 3798 3766
f 3362 3766 3297
f 4115 4276 4280
f 4115 4280 4136
f 4136 4280 4290
f 4136 4290 4182
f 4182 4290 4300
f 4182 4300 4233
f 4233 4300 4289
f 4233 4289 4181
f 4181 4289 4277
f 4181 4277 4131
f 4131 4277 4276
f 4131 4276 4115
f 4281 4276 4280
f 4281 4280 4290
f 4281 4290 4300
f 4281 4300 4289
f 4281 4289 4277
f 4281 4277 4276
f 780 606 629
f 780 629 800
f 800 629 612
f 800 612 796
f 796 612 599
f 796 599 768
f 768 599 591
f 768 591 736
f 736 591 593
f 736 593 742
f 742 593 606
f 742 606 780
f 603 606 629
f 603 629 612
f 603 612 599
f 603 599 591
f 603 591 593
f 603 593 606
f 881 846 860
f 881 860 963
f 963 860 866
f 963 866 1130
f 1130 866 863
f 1130 863 1041
f 1041 863 850
f 1041 850 910
f 910 850 841
f 910 841 869
f 869 841 846
f 869 846 881
f 852 846 860
f 852 860 866
f 852 866 863
f 852 863 850
f 852 850 841
f 852 841 846
f 1804 1464 1468
f 1804 1468 1818
f 1818 1468 1347
f 1818 1347 1652
f 1652 1347 1236
f 1652 1236 1504
f 1504 1236 1230
f 1504 1230 1492
f 1492 1230 1338
f 1492 1338 1630
f 1630 1338 1464
f 1630 1464 1804
f 1264 1069 1070
f 1264 1070 1280
f 1280 1070 1044
f 1280 1044 1210
f 1210 1044 1019
f 1210 1019 1152
f 1152 1019 1018
f 1152 1018 1150
f 1150 1018 1042
f 1150 1042 1198
f 1198 1042 1069
f 1198 1069 1264
f 1043 1069 1070
f 1043 1070 1044
f 1043 1044 1019
f 1043 1019 1018
f 1043 1018 1042
f 1043 1042 1069
f 1126 722 789
f 1126 789 1255
f 1255 789 798
f 1255 798 1289
f 1289 798 767
f 1289 767 1179
f 1179 767 689
f 1179 689 925
f 925 689 630
f 925 630 906
f 906 630 722
f 906 722 1126
f 519 281 297
f 519 297 563
f 563 297 298
f 563 298 589
f 589 298 283
f 589 283 539
f 539 283 278
f 539 278 412
f 412 278 277
f 412 277 393
f 393 277 281
f 393 281 519
f 282 281 297
f 282 297 298
f 282 298 283
f 282 283 278
f 282 278 277
f 282 277 281
f 1266 781 801
f 1266 801 1335
f 1335 801 774
f 1335 774 1241
f 1241 774 709
f 1241 709 1047
f 1047 709 613
f 1047 613 927
f 927 613 715
f 927 715 1129
f 1129 715 781
f 1129 781 1266
f 540 222 237
f 540 237 561
f 561 237 220
f 561 220 536
f 536 220 211
f 536 211 395
f 395 211 203
f 395 203 366
f 366 203 212
f 366 212 413
f 413 212 222
f 413 222 540
f 217 222 237
f 217 237 220
f 217 220 211
f 217 211 203
f 217 203 212
f 217 212 222
f 2228 2133 2158
f 2228 2158 2254
f 2254 2158 2094
f 2254 2094 2149
f 2149 2094 1993
f 2149 1993 2004
f 2004 1993 1959
f 2004 1959 1961
f 1961 1959 2031
f 1961 2031 2077
f 2077 2031 2133
f 2077 2133 2228
f 2087 2030 2034
f 2087 2034 2103
f 2103 2034 2026
f 2103 2026 2055
f 2055 2026 2018
f 2055 2018 1998
f 1998 2018 2009
f 1998 2009 1981
f 1981 2009 2021
f 1981 2021 2025
f 2025 2021 2030
f 2025 2030 2087
f 2024 2030 2034
f 2024 2034 2026
f 2024 2026 2018
f 2024 2018 2009
f 2024 2009 2021
f 2024 2021 2030
f 1787 1668 1677
f 1787 1677 1817
f 1817 1677 1661
f 1817 1661 1781
f 1781 1661 1647
f 1781 1647 1693
f 1693 1647 1634
f 1693 1634 1656
f 1656 1634 1651
f 1656 1651 1709
f 1709 1651 1668
f 1709 1668 1787
f 1655 1668 1677
f 1655 1677 1661
f 1655 1661 1647
f 1655 1647 1634
f 1655 1634 1651
f 1655 1651 1668
f 1859 1615 1680
f 1859 1680 1928
f 1928 1680 1622
f 1928 1622 1867
f 1867 1622 1510
f 1867 1510 1692
f 1692 1510 1463
f 1692 1463 1599
f 1599 1463 1506
f 1599 1506 1679
f 1679 1506 1615
f 1679 1615 1859
f 1507 1431 1445
f 1507 1445 1534
f 1534 1445 1432
f 1534 1432 1509
f 1509 1432 1389
f 1509 1389 1461
f 1461 1389 1377
f 1461 1377 1428
f 1428 1377 1384
f 1428 1384 1458
f 1458 1384 1431
f 1458 1431 1507
f 1424 1431 1445
f 1424 1445 1432
f 1424 1432 1389
f 1424 1389 1377
f 1424 1377 1384
f 1424 1384 1431
f 1644 1542 1557
f 1644 1557 1691
f 1691 1557 1543
f 1691 1543 1645
f 1645 1543 1529
f 1645 1529 1571
f 1571 1529 1516
f 1571 1516 1520
f 1520 1516 1528
f 1520 1528 1569
f 1569 1528 1542
f 1569 1542 1644
f 1533 1542 1557
f 1533 1557 1543
f 1533 1543 1529
f 1533 1529 1516
f 1533 1516 1528
f 1533 1528 1542
f 777 704 711
f 777 711 805
f 805 711 713
f 805 713 816
f 816 713 710
f 816 710 799
f 799 710 691
f 799 691 770
f 770 691 688
f 770 688 747
f 747 688 704
f 747 704 777
f 707 704 711
f 707 711 713
f 707 713 710
f 707 710 691
f 707 691 688
f 707 688 704
f 1581 1336 1471
f 1581 1471 1778
f 1778 1471 1568
f 1778 1568 1894
f 1894 1568 1532
f 1894 1532 1870
f 1870 1532 1443
f 1870 1443 1689
f 1689 1443 1317
f 1689 1317 1546
f 1546 1317 1336
f 1546 1336 1581
f 1238 1182 1200
f 1238 1200 1327
f 1327 1200 1214
f 1327 1214 1370
f 1370 1214 1212
f 1370 1212 1353
f 1353 1212 1193
f 1353 1193 1295
f 1295 1193 1181
f 1295 1181 1232
f 1232 1181 1182
f 1232 1182 1238
f 1195 1182 1200
f 1195 1200 1214
f 1195 1214 1212
f 1195 1212 1193
f 1195 1193 1181
f 1195 1181 1182
f 1900 1830 1901
f 1900 1901 1978
f 1978 1901 1885
f 1978 1885 1960
f 1960 1885 1797
f 1960 1797 1862
f 1862 1797 1690
f 1862 1690 1742
f 1742 1690 1723
f 1742 1723 1772
f 1772 1723 1830
f 1772 1830 1900
f 1794 1758 1775
f 1794 1775 1835
f 1835 1775 1771
f 1835 1771 1829
f 1829 1771 1751
f 1829 1751 1777
f 1777 1751 1731
f 1777 1731 1710
f 1710 1731 1736
f 1710 1736 1725
f 1725 1736 1758
f 1725 1758 1794
f 1754 1758 1775
f 1754 1775 1771
f 1754 1771 1751
f 1754 1751 1731
f 1754 1731 1736
f 1754 1736 1758
f 1801 1735 1755
f 1801 1755 1861
f 1861 1755 1753
f 1861 1753 1852
f 1852 1753 1730
f 1852 1730 1785
f 1785 1730 1716
f 1785 1716 1715
f 1715 1716 1719
f 1715 1719 1728
f 1728 1719 1735
f 1728 1735 1801
f 1733 1735 1755
f 1733 1755 1753
f 1733 1753 1730
f 1733 1730 1716
f 1733 1716 1719
f 1733 1719 1735
f 2052 2057 2080
f 2052 2080 2102
f 2102 2080 2085
f 2102 2085 2125
f 2125 2085 2079
f 2125 2079 2099
f 2099 2079 2056
f 2099 2056 2051
f 2051 2056 2053
f 2051 2053 2022
f 2022 2053 2057
f 2022 2057 2052
f 2062 2057 2080
f 2062 2080 2085
f 2062 2085 2079
f 2062 2079 2056
f 2062 2056 2053
f 2062 2053 2057
f 2383 2367 2369
f 2383 2369 2388
f 2388 2369 2363
f 2388 2363 2357
f 2357 2363 2354
f 2357 2354 2306
f 2306 2354 2351
f 2306 2351 2297
f 2297 2351 2358
f 2297 2358 2338
f 2338 2358 2367
f 2338 2367 2383
f 2362 2367 2369
f 2362 2369 2363
f 2362 2363 2354
f 2362 2354 2351
f 2362 2351 2358
f 2362 2358 2367
f 2312 2311 2330
f 2312 2330 2336
f 2336 2330 2248
f 2336 2248 2234
f 2234 2248 2143
f 2234 2143 2084
f 2084 2143 2128
f 2084 2128 2054
f 2054 2128 2233
f 2054 2233 2172
f 2172 2233 2311
f 2172 2311 2312
f 2291 2270 2272
f 2291 2272 2298
f 2298 2272 2266
f 2298 2266 2256
f 2256 2266 2250
f 2256 2250 2176
f 2176 2250 2249
f 2176 2249 2174
f 2174 2249 2259
f 2174 2259 2245
f 2245 2259 2270
f 2245 2270 2291
f 2264 2270 2272
f 2264 2272 2266
f 2264 2266 2250
f 2264 2250 2249
f 2264 2249 2259
f 2264 2259 2270
f 2432 2420 2435
f 2432 2435 2472
f 2472 2435 2424
f 2472 2424 2460
f 2460 2424 2407
f 2460 2407 2381
f 2381 2407 2391
f 2381 2391 2339
f 2339 2391 2397
f 2339 2397 2360
f 2360 2397 2420
f 2360 2420 2432
f 2414 2420 2435
f 2414 2435 2424
f 2414 2424 2407
f 2414 2407 2391
f 2414 2391 2397
f 2414 2397 2420
f 2368 2356 2370
f 2368 2370 2392
f 2392 2370 2309
f 2392 2309 2305
f 2305 2309 2240
f 2305 2240 2175
f 2175 2240 2227
f 2175 2227 2157
f 2157 2227 2275
f 2157 2275 2267
f 2267 2275 2356
f 2267 2356 2368
f 2337 2303 2308
f 2337 2308 2346
f 2346 2308 2299
f 2346 2299 2302
f 2302 2299 2287
f 2302 2287 2269
f 2269 2287 2281
f 2269 2281 2252
f 2252 2281 2295
f 2252 2295 2279
f 2279 2295 2303
f 2279 2303 2337
f 2296 2303 2308
f 2296 2308 2299
f 2296 2299 2287
f 2296 2287 2281
f 2296 2281 2295
f 2296 2295 2303
f 2850 3040 3063
f 2850 3063 2895
f 2895 3063 2982
f 2895 2982 2705
f 2705 2982 2816
f 2705 2816 2556
f 2556 2816 2774
f 2556 2774 2531
f 2531 2774 2925
f 2531 2925 2631
f 2631 2925 3040
f 2631 3040 2850
f 3125 3158 3160
f 3125 3160 3142
f 3142 3160 3149
f 3142 3149 3050
f 3050 3149 3133
f 3050 3133 3000
f 3000 3133 3127
f 3000 3127 2981
f 2981 3127 3144
f 2981 3144 3024
f 3024 3144 3158
f 3024 3158 3125
f 3148 3158 3160
f 3148 3160 3149
f 3148 3149 3133
f 3148 3133 3127
f 3148 3127 3144
f 3148 3144 3158
f 2645 2923 3012
f 2645 3012 2797
f 2797 3012 2964
f 2797 2964 2715
f 2715 2964 2806
f 2715 2806 2566
f 2566 2806 2684
f 2566 2684 2478
f 2478 2684 2746
f 2478 2746 2518
f 2518 2746 2923
f 2518 2923 2645
f 3013 3060 3068
f 3013 3068 3043
f 3043 3068 3064
f 3043 3064 3021
f 3021 3064 3047
f 3021 3047 2958
f 2958 3047 3034
f 2958 3034 2897
f 2897 3034 3041
f 2897 3041 2929
f 2929 3041 3060
f 2929 3060 3013
f 3052 3060 3068
f 3052 3068 3064
f 3052 3064 3047
f 3052 3047 3034
f 3052 3034 3041
f 3052 3041 3060
f 2468 2625 2709
f 2468 2709 2557
f 2557 2709 2673
f 2557 2673 2527
f 2527 2673 2587
f 2527 2587 2403
f 2403 2587 2516
f 2403 2516 2331
f 2331 2516 2544
f 2331 2544 2352
f 2352 2544 2625
f 2352 2625 2468
f 2716 2805 2831
f 2716 2831 2772
f 2772 2831 2819
f 2772 2819 2750
f 2750 2819 2798
f 2750 2798 2672
f 2672 2798 2769
f 2672 2769 2628
f 2628 2769 2773
f 2628 2773 2635
f 2635 2773 2805
f 2635 2805 2716
f 2799 2805 2831
f 2799 2831 2819
f 2799 2819 2798
f 2799 2798 2769
f 2799 2769 2773
f 2799 2773 2805
f 2753 2969 3006
f 2753 3006 2829
f 2829 3006 2908
f 2829 2908 2663
f 2663 2908 2742
f 2663 2742 2535
f 2535 2742 2698
f 2535 2698 2491
f 2491 2698 2820
f 2491 2820 2595
f 2595 2820 2969
f 2595 2969 2753
f 3017 3046 3049
f 3017 3049 3030
f 3030 3049 3035
f 3030 3035 3001
f 3001 3035 3022
f 3001 3022 2922
f 2922 3022 3019
f 2922 3019 2885
f 2885 3019 3027
f 2885 3027 2953
f 2953 3027 3046
f 2953 3046 3017
f 3033 3046 3049
f 3033 3049 3035
f 3033 3035 3022
f 3033 3022 3019
f 3033 3019 3027
f 3033 3027 3046
f 2551 2745 2880
f 2551 2880 2649
f 2649 2880 2856
f 2649 2856 2632
f 2632 2856 2704
f 2632 2704 2517
f 2517 2704 2615
f 2517 2615 2419
f 2419 2615 2627
f 2419 2627 2441
f 2441 2627 2745
f 2441 2745 2551
f 2879 2962 2985
f 2879 2985 2949
f 2949 2985 2983
f 2949 2983 2933
f 2933 2983 2957
f 2933 2957 2849
f 2849 2957 2944
f 2849 2944 2768
f 2768 2944 2948
f 2768 2948 2796
f 2796 2948 2962
f 2796 2962 2879
f 2960 2962 2985
f 2960 2985 2983
f 2960 2983 2957
f 2960 2957 2944
f 2960 2944 2948
f 2960 2948 2962
f 2067 2010 2016
f 2067 2016 2083
f 2083 2016 2002
f 2083 2002 2028
f 2028 2002 1995
f 2028 1995 1977
f 1977 1995 1994
f 1977 1994 1968
f 1968 1994 2000
f 1968 2000 2017
f 2017 2000 2010
f 2017 2010 2067
f 2001 2010 2016
f 2001 2016 2002
f 2001 2002 1995
f 2001 1995 1994
f 2001 1994 2000
f 2001 2000 2010
f 2235 2160 2241
f 2235 2241 2300
f 2300 2241 2230
f 2300 2230 2278
f 2278 2230 2134
f 2278 2134 2170
f 2170 2134 2081
f 2170 2081 2093
f 2093 2081 2092
f 2093 2092 2112
f 2112 2092 2160
f 2112 2160 2235
f 2136 2120 2126
f 2136 2126 2169
f 2169 2126 2122
f 2169 2122 2161
f 2161 2122 2113
f 2161 2113 2121
f 2121 2113 2105
f 2121 2105 2090
f 2090 2105 2107
f 2090 2107 2095
f 2095 2107 2120
f 2095 2120 2136
f 2116 2120 2126
f 2116 2126 2122
f 2116 2122 2113
f 2116 2113 2105
f 2116 2105 2107
f 2116 2107 2120
f 957 882 909
f 957 909 1149
f 1149 909 914
f 1149 914 1199
f 1199 914 913
f 1199 913 1187
f 1187 913 903
f 1187 903 1123
f 1123 903 880
f 1123 880 954
f 954 880 882
f 954 882 957
f 907 882 909
f 907 909 914
f 907 914 913
f 907 913 903
f 907 903 880
f 907 880 882
f 1897 1799 1927
f 1897 1927 2032
f 2032 1927 1955
f 2032 1955 2106
f 2106 1955 1925
f 2106 1925 2027
f 2027 1925 1796
f 2027 1796 1893
f 1893 1796 1724
f 1893 1724 1808
f 1808 1724 1799
f 1808 1799 1897
f 1770 1748 1768
f 1770 1768 1845
f 1845 1768 1779
f 1845 1779 1876
f 1876 1779 1767
f 1876 1767 1842
f 1842 1767 1747
f 1842 1747 1765
f 1765 1747 1732
f 1765 1732 1718
f 1718 1732 1748
f 1718 1748 1770
f 1757 1748 1768
f 1757 1768 1779
f 1757 1779 1767
f 1757 1767 1747
f 1757 1747 1732
f 1757 1732 1748
f 2451 2479 2570
f 2451 2570 2559
f 2559 2570 2565
f 2559 2565 2548
f 2548 2565 2473
f 2548 2473 2431
f 2431 2473 2386
f 2431 2386 2321
f 2321 2386 2389
f 2321 2389 2335
f 2335 2389 2479
f 2335 2479 2451
f 2498 2515 2534
f 2498 2534 2549
f 2549 2534 2532
f 2549 2532 2547
f 2547 2532 2509
f 2547 2509 2483
f 2483 2509 2496
f 2483 2496 2459
f 2459 2496 2497
f 2459 2497 2463
f 2463 2497 2515
f 2463 2515 2498
f 2514 2515 2534
f 2514 2534 2532
f 2514 2532 2509
f 2514 2509 2496
f 2514 2496 2497
f 2514 2497 2515
f 844 819 825
f 844 825 884
f 884 825 835
f 884 835 956
f 956 835 834
f 956 834 940
f 940 834 823
f 940 823 875
f 875 823 817
f 875 817 839
f 839 817 819
f 839 819 844
f 824 819 825
f 824 825 835
f 824 835 834
f 824 834 823
f 824 823 817
f 824 817 819
f 1188 787 818
f 1188 818 1308
f 1308 818 814
f 1308 814 1301
f 1301 814 784
f 1301 784 1180
f 1180 784 738
f 1180 738 960
f 960 738 740
f 960 740 964
f 964 740 787
f 964 787 1188
f 608 376 397
f 608 397 706
f 706 397 396
f 706 396 705
f 705 396 373
f 705 373 605
f 605 373 365
f 605 365 545
f 545 365 367
f 545 367 546
f 546 367 376
f 546 376 608
f 374 376 397
f 374 397 396
f 374 396 373
f 374 373 365
f 374 365 367
f 374 367 376
f 936 717 788
f 936 788 1197
f 1197 788 794
f 1197 794 1220
f 1220 794 739
f 1220 739 1017
f 1017 739 597
f 1017 597 842
f 842 597 587
f 842 587 838
f 838 587 717
f 838 717 936
f 523 311 326
f 523 326 590
f 590 326 327
f 590 327 596
f 596 327 314
f 596 314 535
f 535 314 296
f 535 296 394
f 394 296 295
f 394 295 377
f 377 295 311
f 377 311 523
f 313 311 326
f 313 326 327
f 313 327 314
f 313 314 296
f 313 296 295
f 313 295 311
f 359 179 184
f 359 184 468
f 468 184 185
f 468 185 483
f 483 185 181
f 483 181 368
f 368 181 173
f 368 173 299
f 299 173 170
f 299 170 294
f 294 170 179
f 294 179 359
f 180 179 184
f 180 184 185
f 180 185 181
f 180 181 173
f 180 173 170
f 180 170 179
f 911 632 744
f 911 744 1153
f 1153 744 772
f 1153 772 1189
f 1189 772 721
f 1189 721 1067
f 1067 721 600
f 1067 600 876
f 876 600 560
f 876 560 849
f 849 560 632
f 849 632 911
f 375 207 221
f 375 221 520
f 520 221 224
f 520 224 537
f 537 224 218
f 537 218 482
f 482 218 204
f 482 204 364
f 364 204 199
f 364 199 337
f 337 199 207
f 337 207 375
f 213 207 221
f 213 221 224
f 213 224 218
f 213 218 204
f 213 204 199
f 213 199 207
f 829 521 614
f 829 614 917
f 917 614 708
f 917 708 1022
f 1022 708 598
f 1022 598 901
f 901 598 481
f 901 481 815
f 815 481 371
f 815 371 795
f 795 371 521
f 795 521 829
f 260 151 169
f 260 169 329
f 329 169 174
f 329 174 360
f 360 174 164
f 360 164 322
f 322 164 148
f 322 148 223
f 223 148 145
f 223 145 202
f 202 145 151
f 202 151 260
f 162 151 169
f 162 169 174
f 162 174 164
f 162 164 148
f 162 148 145
f 162 145 151
f 191 96 104
f 191 104 205
f 205 104 98
f 205 98 194
f 194 98 93
f 194 93 176
f 176 93 83
f 176 83 144
f 144 83 87
f 144 87 163
f 163 87 96
f 163 96 191
f 94 96 104
f 94 104 98
f 94 98 93
f 94 93 83
f 94 83 87
f 94 87 96
f 714 604 610
f 714 610 743
f 743 610 609
f 743 609 741
f 741 609 601
f 741 601 712
f 712 601 594
f 712 594 633
f 633 594 595
f 633 595 634
f 634 595 604
f 634 604 714
f 602 604 610
f 602 610 609
f 602 609 601
f 602 601 594
f 602 594 595
f 602 595 604
f 879 518 586
f 879 586 1023
f 1023 586 542
f 1023 542 933
f 933 542 370
f 933 370 840
f 840 370 309
f 840 309 797
f 797 309 334
f 797 334 812
f 812 334 518
f 812 518 879
f 190 103 106
f 190 106 208
f 208 106 105
f 208 105 195
f 195 105 95
f 195 95 175
f 175 95 86
f 175 86 131
f 131 86 92
f 131 92 152
f 152 92 103
f 152 103 190
f 97 103 106
f 97 106 105
f 97 105 95
f 97 95 86
f 97 86 92
f 97 92 103
f 3282 3561 3566
f 3282 3566 3298
f 3298 3566 3590
f 3298 3590 3421
f 3421 3590 3595
f 3421 3595 3540
f 3540 3595 3593
f 3540 3593 3522
f 3522 3593 3586
f 3522 3586 3340
f 3340 3586 3561
f 3340 3561 3282
f 3588 3561 3566
f 3588 3566 3590
f 3588 3590 3595
f 3588 3595 3593
f 3588 3593 3586
f 3588 3586 3561
f 2955 3327 3341
f 2955 3341 2984
f 2984 3341 3558
f 2984 3558 3162
f 3162 3558 3635
f 3162 3635 3289
f 3289 3635 3625
f 3289 3625 3263
f 3263 3625 3526
f 3263 3526 3123
f 3123 3526 3327
f 3123 3327 2955
f 3606 3702 3704
f 3606 3704 3612
f 3612 3704 3717
f 3612 3717 3656
f 3656 3717 3727
f 3656 3727 3687
f 3687 3727 3725
f 3687 3725 3682
f 3682 3725 3711
f 3682 3711 3642
f 3642 3711 3702
f 3642 3702 3606
f 3712 3702 3704
f 3712 3704 3717
f 3712 3717 3727
f 3712 3727 3725
f 3712 3725 3711
f 3712 3711 3702
f 2630 2682 2714
f 2630 2714 2708
f 2708 2714 2707
f 2708 2707 2685
f 2685 2707 2677
f 2685 2677 2617
f 2617 2677 2668
f 2617 2668 2568
f 2568 2668 2671
f 2568 2671 2577
f 2577 2671 2682
f 2577 2682 2630
f 2678 2682 2714
f 2678 2714 2707
f 2678 2707 2677
f 2678 2677 2668
f 2678 2668 2671
f 2678 2671 2682
f 2569 2727 2834
f 2569 2834 2643
f 2643 2834 2776
f 2643 2776 2613
f 2613 2776 2642
f 2613 2642 2482
f 2482 2642 2593
f 2482 2593 2411
f 2411 2593 2614
f 2411 2614 2454
f 2454 2614 2727
f 2454 2727 2569
f 2828 2891 2914
f 2828 2914 2882
f 2882 2914 2906
f 2882 2906 2857
f 2857 2906 2881
f 2857 2881 2766
f 2766 2881 2867
f 2766 2867 2706
f 2706 2867 2871
f 2706 2871 2735
f 2735 2871 2891
f 2735 2891 2828
f 2884 2891 2914
f 2884 2914 2906
f 2884 2906 2881
f 2884 2881 2867
f 2884 2867 2871
f 2884 2871 2891
f 3983 4252 4246
f 3983 4246 3963
f 3963 4246 4247
f 3963 4247 3964
f 3964 4247 4254
f 3964 4254 3984
f 3984 4254 4258
f 3984 4258 4112
f 4112 4258 4255
f 4112 4255 4095
f 4095 4255 4252
f 4095 4252 3983
f 4253 4252 4246
f 4253 4246 4247
f 4253 4247 4254
f 4253 4254 4258
f 4253 4258 4255
f 4253 4255 4252
f 3676 3886 3887
f 3676 3887 3678
f 3678 3887 3907
f 3678 3907 3707
f 3707 3907 3913
f 3707 3913 3758
f 3758 3913 3912
f 3758 3912 3739
f 3739 3912 3891
f 3739 3891 3703
f 3703 3891 3886
f 3703 3886 3676
f 3906 3886 3887
f 3906 3887 3907
f 3906 3907 3913
f 3906 3913 3912
f 3906 3912 3891
f 3906 3891 3886
f 3020 3525 3445
f 3020 3445 2961
f 2961 3445 3547
f 2961 3547 3044
f 3044 3547 3633
f 3044 3633 3222
f 3222 3633 3657
f 3222 3657 3275
f 3275 3657 3617
f 3275 3617 3190
f 3190 3617 3525
f 3190 3525 3020
f 3665 3769 3767
f 3665 3767 3654
f 3654 3767 3784
f 3654 3784 3673
f 3673 3784 3793
f 3673 3793 3705
f 3705 3793 3796
f 3705 3796 3730
f 3730 3796 3792
f 3730 3792 3699
f 3699 3792 3769
f 3699 3769 3665
f 3788 3769 3767
f 3788 3767 3784
f 3788 3784 3793
f 3788 3793 3796
f 3788 3796 3792
f 3788 3792 3769
f 3562 3663 3659
f 3562 3659 3557
f 3557 3659 3666
f 3557 3666 3594
f 3594 3666 3675
f 3594 3675 3634
f 3634 3675 3677
f 3634 3677 3639
f 3639 3677 3672
f 3639 3672 3611
f 3611 3672 3663
f 3611 3663 3562
f 3668 3663 3659
f 3668 3659 3666
f 3668 3666 3675
f 3668 3675 3677
f 3668 3677 3672
f 3668 3672 3663
f 4249 4347 4348
f 4249 4348 4259
f 4259 4348 4357
f 4259 4357 4288
f 4288 4357 4361
f 4288 4361 4320
f 4320 4361 4358
f 4320 4358 4301
f 4301 4358 4349
f 4301 4349 4264
f 4264 4349 4347
f 4264 4347 4249
f 4354 4347 4348
f 4354 4348 4357
f 4354 4357 4361
f 4354 4361 4358
f 4354 4358 4349
f 4354 4349 4347
f 3548 3710 3714
f 3548 3714 3556
f 3556 3714 3765
f 3556 3765 3627
f 3627 3765 3800
f 3627 3800 3667
f 3667 3800 3799
f 3667 3799 3662
f 3662 3799 3760
f 3662 3760 3607
f 3607 3760 3710
f 3607 3710 3548
f 3802 3966 3967
f 3802 3967 3806
f 3806 3967 3970
f 3806 3970 3909
f 3909 3970 3982
f 3909 3982 3921
f 3921 3982 3972
f 3921 3972 3919
f 3919 3972 3968
f 3919 3968 3889
f 3889 3968 3966
f 3889 3966 3802
f 3969 3966 3967
f 3969 3967 3970
f 3969 3970 3982
f 3969 3982 3972
f 3969 3972 3968
f 3969 3968 3966
f 3026 3560 3596
f 3026 3596 3113
f 3113 3596 3671
f 3113 3671 3265
f 3265 3671 3713
f 3265 3713 3422
f 3422 3713 3689
f 3422 3689 3321
f 3321 3689 3626
f 3321 3626 3167
f 3167 3626 3560
f 3167 3560 3026
f 3701 3911 3915
f 3701 3915 3721
f 3721 3915 3920
f 3721 3920 3770
f 3770 3920 3943
f 3770 3943 3801
f 3801 3943 3942
f 3801 3942 3795
f 3795 3942 3917
f 3795 3917 3733
f 3733 3917 3911
f 3733 3911 3701
f 3918 3911 3915
f 3918 3915 3920
f 3918 3920 3943
f 3918 3943 3942
f 3918 3942 3917
f 3918 3917 3911
f 4093 4262 4263
f 4093 4263 4094
f 4094 4263 4267
f 4094 4267 4133
f 4133 4267 4273
f 4133 4273 4170
f 4170 4273 4272
f 4170 4272 4169
f 4169 4272 4265
f 4169 4265 4132
f 4132 4265 4262
f 4132 4262 4093
f 4266 4262 4263
f 4266 4263 4267
f 4266 4267 4273
f 4266 4273 4272
f 4266 4272 4265
f 4266 4265 4262
f 3197 3655 3641
f 3197 3641 3176
f 3176 3641 3692
f 3176 3692 3309
f 3309 3692 3787
f 3309 3787 3559
f 3559 3787 3797
f 3559 3797 3589
f 3589 3797 3720
f 3589 3720 3361
f 3361 3720 3655
f 3361 3655 3197
f 3794 4000 3998
f 3794 3998 3790
f 3790 3998 4023
f 3790 4023 3881
f 3881 4023 4096
f 3881 4096 3944
f 3944 4096 4111
f 3944 4111 3959
f 3959 4111 4037
f 3959 4037 3908
f 3908 4037 4000
f 3908 4000 3794
f 4036 4000 3998
f 4036 3998 4023
f 4036 4023 4096
f 4036 4096 4111
f 4036 4111 4037
f 4036 4037 4000
g quill2
usemtl quill2
f 2641 2847 2890
f 2641 2890 2699
f 2699 2890 2760
f 2699 2760 2592
f 2592 2760 2616
f 2592 2616 2450
f 2450 2616 2596
f 2450 2596 2398
f 2398 2596 2669
f 2398 2669 2503
f 2503 2669 2847
f 2503 2847 2641
f 2244 2178 2273
f 2244 2273 2334
f 2334 2273 2247
f 2334 2247 2292
f 2292 2247 2144
f 2292 2144 2155
f 2155 2144 2078
f 2155 2078 2058
f 2058 2078 2097
f 2058 2097 2096
f 2096 2097 2178
f 2096 2178 2244
f 2924 3173 3207
f 2924 3207 2998
f 2998 3207 3130
f 2998 3130 2808
f 2808 3130 2965
f 2808 2965 2594
f 2594 2965 2915
f 2594 2915 2546
f 2546 2915 3016
f 2546 3016 2648
f 2648 3016 3173
f 2648 3173 2924
f 1558 1365 1478
f 1558 1478 1688
f 1688 1478 1556
f 1688 1556 1824
f 1824 1556 1541
f 1824 1541 1807
f 1807 1541 1465
f 1807 1465 1657
f 1657 1465 1358
f 1657 1358 1536
f 1536 1358 1365
f 1536 1365 1558
f 1454 877 959
f 1454 959 1545
f 1545 959 939
f 1545 939 1515
f 1515 939 853
f 1515 853 1364
f 1364 853 811
f 1364 811 1249
f 1249 811 822
f 1249 822 1287
f 1287 822 877
f 1287 877 1454
f 1348 1039 1231
f 1348 1231 1535
f 1535 1231 1324
f 1535 1324 1653
f 1653 1324 1256
f 1653 1256 1588
f 1588 1256 1128
f 1588 1128 1423
f 1423 1128 926
f 1423 926 1281
f 1281 926 1039
f 1281 1039 1348
f 2029 1881 1930
f 2029 1930 2089
f 2089 1930 1871
f 2089 1871 2019
f 2019 1871 1776
f 2019 1776 1917
f 1917 1776 1708
f 1917 1708 1854
f 1854 1708 1783
f 1854 1783 1929
f 1929 1783 1881
f 1929 1881 2029
f 1944 1784 1851
f 1944 1851 2020
f 2020 1851 1786
f 2020 1786 1949
f 1949 1786 1620
f 1949 1620 1800
f 1800 1620 1547
f 1800 1547 1685
f 1685 1547 1617
f 1685 1617 1798
f 1798 1617 1784
f 1798 1784 1944
f 1291 843 932
f 1291 932 1467
f 1467 932 1037
f 1467 1037 1517
f 1517 1037 912
f 1517 912 1448
f 1448 912 836
f 1448 836 1251
f 1251 836 809
f 1251 809 1186
f 1186 809 843
f 1186 843 1291
f 1972 1869 1937
f 1972 1937 2088
f 2088 1937 1935
f 2088 1935 2068
f 2068 1935 1836
f 2068 1836 1939
f 1939 1836 1734
f 1939 1734 1832
f 1832 1734 1756
f 1832 1756 1860
f 1860 1756 1869
f 1860 1869 1972
f 2045 2040 2130
f 2045 2130 2164
f 2164 2130 2167
f 2164 2167 2242
f 2242 2167 2129
f 2242 2129 2163
f 2163 2129 2039
f 2163 2039 2044
f 2044 2039 1997
f 2044 1997 1988
f 1988 1997 2040
f 1988 2040 2045
f 2366 2384 2412
f 2366 2412 2390
f 2390 2412 2348
f 2390 2348 2307
f 2307 2348 2271
f 2307 2271 2177
f 2177 2271 2251
f 2177 2251 2162
f 2162 2251 2301
f 2162 2301 2265
f 2265 2301 2384
f 2265 2384 2366
f 2417 2437 2504
f 2417 2504 2526
f 2526 2504 2470
f 2526 2470 2469
f 2469 2470 2353
f 2469 2353 2310
f 2310 2353 2280
f 2310 2280 2236
f 2236 2280 2316
f 2236 2316 2274
f 2274 2316 2437
f 2274 2437 2417
f 2229 2123 2137
f 2229 2137 2243
f 2243 2137 2061
f 2243 2061 2127
f 2127 2061 1971
f 2127 1971 2003
f 2003 1971 1958
f 2003 1958 1982
f 1982 1958 2033
f 1982 2033 2091
f 2091 2033 2123
f 2091 2123 2229
f 1466 1175 1302
f 1466 1302 1623
f 1623 1302 1430
f 1623 1430 1795
f 1795 1430 1383
f 1795 1383 1769
f 1769 1383 1252
f 1769 1252 1572
f 1572 1252 1154
f 1572 1154 1449
f 1449 1154 1175
f 1449 1175 1466
f 1250 908 1151
f 1250 1151 1460
f 1460 1151 1240
f 1460 1240 1585
f 1585 1240 1222
f 1585 1222 1544
f 1544 1222 1038
f 1544 1038 1362
f 1362 1038 878
f 1362 878 1221
f 1221 878 908
f 1221 908 1250
f 1131 690 769
f 1131 769 1282
f 1282 769 778
f 1282 778 1312
f 1312 778 716
f 1312 716 1178
f 1178 716 562
f 1178 562 915
f 915 562 543
f 915 543 900
f 900 543 690
f 900 690 1131
f 916 534 592
f 916 592 1068
f 1068 592 544
f 1068 544 958
f 958 544 392
f 958 392 854
f 854 392 328
f 854 328 813
f 813 328 361
f 813 361 837
f 837 361 534
f 837 534 916
f 864 773 804
f 864 804 934
f 934 804 802
f 934 802 930
f 930 802 771
f 930 771 855
f 855 771 719
f 855 719 808
f 808 719 720
f 808 720 810
f 810 720 773
f 810 773 864
f 2586 3045 3069
f 2586 3069 2610
f 2610 3069 3229
f 2610 3229 2817
f 2817 3229 3324
f 2817 3324 3011
f 3011 3324 3303
f 3011 3303 2968
f 2968 3303 3175
f 2968 3175 2724
f 2724 3175 3045
f 2724 3045 2586
f 2449 2584 2676
f 2449 2676 2582
f 2582 2676 2658
f 2582 2658 2558
f 2558 2658 2550
f 2558 2550 2410
f 2410 2550 2465
f 2410 2465 2293
f 2293 2465 2471
f 2293 2471 2304
f 2304 2471 2584
f 2304 2584 2449
f 3205 3732 3690
f 3205 3690 3141
f 3141 3690 3691
f 3141 3691 3147
f 3147 3691 3736
f 3147 3736 3230
f 3230 3736 3791
f 3230 3791 3304
f 3304 3791 3789
f 3304 3789 3291
f 3291 3789 3732
f 3291 3732 3205
f 2832 3446 3448
f 2832 3448 2843
f 2843 3448 3584
f 2843 3584 3003
f 3003 3584 3637
f 3003 3637 3145
f 3145 3637 3636
f 3145 3636 3140
f 3140 3636 3563
f 3140 3563 2997
f 2997 3563 3446
f 2997 3446 2832
f 2966 3308 3283
f 2966 3283 2927
f 2927 3283 3364
f 2927 3364 3028
f 3028 3364 3555
f 3028 3555 3186
f 3186 3555 3567
f 3186 3567 3221
f 3221 3567 3464
f 3221 3464 3126
f 3126 3464 3308
f 3126 3308 2966
f 3360 3916 3960
f 3360 3960 3517
f 3517 3960 4130
f 3517 4130 3631
f 3631 4130 4180
f 3631 4180 3679
f 3679 4180 4137
f 3679 4137 3645
f 3645 4137 3971
f 3645 3971 3543
f 3543 3971 3916
f 3543 3916 3360
f 3310 3763 3764
f 3310 3764 3312
f 3312 3764 3882
f 3312 3882 3524
f 3524 3882 3962
f 3524 3962 3615
f 3615 3962 3961
f 3615 3961 3613
f 3613 3961 3880
f 3613 3880 3523
f 3523 3880 3763
f 3523 3763 3310
g tip
usemtl tip
f 746 517 541
f 746 541 783
f 783 541 522
f 783 522 748
f 748 522 372
f 748 372 635
f 635 372 338
f 635 338 564
f 564 338 369
f 564 369 631
f 631 369 517
f 631 517 746
f 1853 1749 1763
f 1853 1763 1868
f 1868 1763 1669
f 1868 1669 1766
f 1766 1669 1594
f 1766 1594 1604
f 1604 1594 1587
f 1604 1587 1591
f 1591 1587 1650
f 1591 1650 1722
f 1722 1650 1749
f 1722 1749 1853
f 2847 2907 2934
f 2847 2934 2890
f 2890 2934 2862
f 2890 2862 2760
f 2760 2862 2749
f 2760 2749 2616
f 2616 2749 2729
f 2616 2729 2596
f 2596 2729 2802
f 2596 2802 2669
f 2669 2802 2907
f 2669 2907 2847
f 2237 2225 2246
f 2237 2246 2286
f 2286 2246 2232
f 2286 2232 2255
f 2255 2232 2151
f 2255 2151 2146
f 2146 2151 2114
f 2146 2114 2082
f 2082 2114 2132
f 2082 2132 2115
f 2115 2132 2225
f 2115 2225 2237
f 1505 1427 1462
f 1505 1462 1580
f 1580 1462 1457
f 1580 1457 1563
f 1563 1457 1376
f 1563 1376 1472
f 1472 1376 1337
f 1472 1337 1390
f 1390 1337 1339
f 1390 1339 1434
f 1434 1339 1427
f 1434 1427 1505
f 1926 1821 1837
f 1926 1837 1938
f 1938 1837 1805
f 1938 1805 1906
f 1906 1805 1750
f 1906 1750 1822
f 1822 1750 1721
f 1822 1721 1782
f 1782 1721 1764
f 1782 1764 1833
f 1833 1764 1821
f 1833 1821 1926
f 2464 2453 2467
f 2464 2467 2480
f 2480 2467 2436
f 2480 2436 2433
f 2433 2436 2376
f 2433 2376 2345
f 2345 2376 2361
f 2345 2361 2313
f 2313 2361 2387
f 2313 2387 2365
f 2365 2387 2453
f 2365 2453 2464
f 2178 2166 2231
f 2178 2231 2273
f 2273 2231 2226
f 2273 2226 2247
f 2247 2226 2142
f 2247 2142 2144
f 2144 2142 2098
f 2144 2098 2078
f 2078 2098 2117
f 2078 2117 2097
f 2097 2117 2166
f 2097 2166 2178
f 2670 2765 2855
f 2670 2855 2818
f 2818 2855 2842
f 2818 2842 2775
f 2775 2842 2728
f 2775 2728 2626
f 2626 2728 2646
f 2626 2646 2545
f 2545 2646 2662
f 2545 2662 2560
f 2560 2662 2765
f 2560 2765 2670
f 3173 3252 3273
f 3173 3273 3207
f 3207 3273 3232
f 3207 3232 3130
f 3130 3232 3157
f 3130 3157 2965
f 2965 3157 3128
f 2965 3128 2915
f 2915 3128 3177
f 2915 3177 3016
f 3016 3177 3252
f 3016 3252 3173
f 1365 1319 1363
f 1365 1363 1478
f 1478 1363 1446
f 1478 1446 1556
f 1556 1446 1442
f 1556 1442 1541
f 1541 1442 1349
f 1541 1349 1465
f 1465 1349 1313
f 1465 1313 1358
f 1358 1313 1319
f 1358 1319 1365
f 2967 3169 3178
f 2967 3178 2986
f 2986 3178 3244
f 2986 3244 3124
f 3124 3244 3306
f 3124 3306 3231
f 3231 3306 3301
f 3231 3301 3206
f 3206 3301 3236
f 3206 3236 3071
f 3071 3236 3169
f 3071 3169 2967
f 718 533 585
f 718 585 779
f 779 585 588
f 779 588 782
f 782 588 538
f 782 538 737
f 737 538 415
f 737 415 611
f 611 415 414
f 611 414 607
f 607 414 533
f 607 533 718
f 3300 3599 3598
f 3300 3598 3295
f 3295 3598 3643
f 3295 3643 3518
f 3518 3643 3683
f 3518 3683 3610
f 3610 3683 3684
f 3610 3684 3616
f 3616 3684 3644
f 3616 3644 3521
f 3521 3644 3599
f 3521 3599 3300
f 3549 3686 3706
f 3549 3706 3605
f 3605 3706 3761
f 3605 3761 3669
f 3669 3761 3768
f 3669 3768 3688
f 3688 3768 3737
f 3688 3737 3646
f 3646 3737 3693
f 3646 3693 3585
f 3585 3693 3686
f 3585 3686 3549
f 3632 3786 3785
f 3632 3785 3628
f 3628 3785 3803
f 3628 3803 3670
f 3670 3803 3910
f 3670 3910 3719
f 3719 3910 3914
f 3719 3914 3722
f 3722 3914 3821
f 3722 3821 3674
f 3674 3821 3786
f 3674 3786 3632
f 3597 3700 3698
f 3597 3698 3592
f 3592 3698 3718
f 3592 3718 3624
f 3624 3718 3738
f 3624 3738 3658
f 3658 3738 3759
f 3658 3759 3664
f 3664 3759 3731
f 3664 3731 3638
f 3638 3731 3700
f 3638 3700 3597
f 3766 4115 4136
f 3766 4136 3807
f 3807 4136 4182
f 3807 4182 3965
f 3965 4182 4233
f 3965 4233 3999
f 3999 4233 4181
f 3999 4181 3958
f 3958 4181 4131
f 3958 4131 3798
f 3798 4131 4115
f 3798 4115 3766
f 877 780 800
f 877 800 959
f 959 800 796
f 959 796 939
f 939 796 768
f 939 768 853
f 853 768 736
f 853 736 811
f 811 736 742
f 811 742 822
f 822 742 780
f 822 780 877
f 1039 881 963
f 1039 963 1231
f 1231 963 1130
f 1231 1130 1324
f 1324 1130 1041
f 1324 1041 1256
f 1256 1041 910
f 1256 910 1128
f 1128 910 869
f 1128 869 926
f 926 869 881
f 926 881 1039
f 1464 1264 1280
f 1464 1280 1468
f 1468 1280 1210
f 1468 1210 1347
f 1347 1210 1152
f 1347 1152 1236
f 1236 1152 1150
f 1236 1150 1230
f 1230 1150 1198
f 1230 1198 1338
f 1338 1198 1264
f 1338 1264 1464
f 722 519 563
f 722 563 789
f 789 563 589
f 789 589 798
f 798 589 539
f 798 539 767
f 767 539 412
f 767 412 689
f 689 412 393
f 689 393 630
f 630 393 519
f 630 519 722
f 781 540 561
f 781 561 801
f 801 561 536
f 801 536 774
f 774 536 395
f 774 395 709
f 709 395 366
f 709 366 613
f 613 366 413
f 613 413 715
f 715 413 540
f 715 540 781
f 2133 2087 2103
f 2133 2103 2158
f 2158 2103 2055
f 2158 2055 2094
f 2094 2055 1998
f 2094 1998 1993
f 1993 1998 1981
f 1993 1981 1959
f 1959 1981 2025
f 1959 2025 2031
f 2031 2025 2087
f 2031 2087 2133
f 1881 1787 1817
f 1881 1817 1930
f 1930 1817 1781
f 1930 1781 1871
f 1871 1781 1693
f 1871 1693 1776
f 1776 1693 1656
f 1776 1656 1708
f 1708 1656 1709
f 1708 1709 1783
f 1783 1709 1787
f 1783 1787 1881
f 1615 1507 1534
f 1615 1534 1680
f 1680 1534 1509
f 1680 1509 1622
f 1622 1509 1461
f 1622 1461 1510
f 1510 1461 1428
f 1510 1428 1463
f 1463 1428 1458
f 1463 1458 1506
f 1506 1458 1507
f 1506 1507 1615
f 1784 1644 1691
f 1784 1691 1851
f 1851 1691 1645
f 1851 1645 1786
f 1786 1645 1571
f 1786 1571 1620
f 1620 1571 1520
f 1620 1520 1547
f 1547 1520 1569
f 1547 1569 1617
f 1617 1569 1644
f 1617 1644 1784
f 843 777 805
f 843 805 932
f 932 805 816
f 932 816 1037
f 1037 816 799
f 1037 799 912
f 912 799 770
f 912 770 836
f 836 770 747
f 836 747 809
f 809 747 777
f 809 777 843
f 1336 1238 1327
f 1336 1327 1471
f 1471 1327 1370
f 1471 1370 1568
f 1568 1370 1353
f 1568 1353 1532
f 1532 1353 1295
f 1532 1295 1443
f 1443 1295 1232
f 1443 1232 1317
f 1317 1232 1238
f 1317 1238 1336
f 1830 1794 1835
f 1830 1835 1901
f 1901 1835 1829
f 1901 1829 1885
f 1885 1829 1777
f 1885 1777 1797
f 1797 1777 1710
f 1797 1710 1690
f 1690 1710 1725
f 1690 1725 1723
f 1723 1725 1794
f 1723 1794 1830
f 1869 1801 1861
f 1869 1861 1937
f 1937 1861 1852
f 1937 1852 1935
f 1935 1852 1785
f 1935 1785 1836
f 1836 1785 1715
f 1836 1715 1734
f 1734 1715 1728
f 1734 1728 1756
f 1756 1728 1801
f 1756 1801 1869
f 2040 2052 2102
f 2040 2102 2130
f 2130 2102 2125
f 2130 2125 2167
f 2167 2125 2099
f 2167 2099 2129
f 2129 2099 2051
f 2129 2051 2039
f 2039 2051 2022
f 2039 2022 1997
f 1997 2022 2052
f 1997 2052 2040
f 2384 2383 2388
f 2384 2388 2412
f 2412 2388 2357
f 2412 2357 2348
f 2348 2357 2306
f 2348 2306 2271
f 2271 2306 2297
f 2271 2297 2251
f 2251 2297 2338
f 2251 2338 2301
f 2301 2338 2383
f 2301 2383 2384
f 2311 2291 2298
f 2311 2298 2330
f 2330 2298 2256
f 2330 2256 2248
f 2248 2256 2176
f 2248 2176 2143
f 2143 2176 2174
f 2143 2174 2128
f 2128 2174 2245
f 2128 2245 2233
f 2233 2245 2291
f 2233 2291 2311
f 2437 2432 2472
f 2437 2472 2504
f 2504 2472 2460
f 2504 2460 2470
f 2470 2460 2381
f 2470 2381 2353
f 2353 2381 2339
f 2353 2339 2280
f 2280 2339 2360
f 2280 2360 2316
f 2316 2360 2432
f 2316 2432 2437
f 2356 2337 2346
f 2356 2346 2370
f 2370 2346 2302
f 2370 2302 2309
f 2309 2302 2269
f 2309 2269 2240
f 2240 2269 2252
f 2240 2252 2227
f 2227 2252 2279
f 2227 2279 2275
f 2275 2279 2337
f 2275 2337 2356
f 3040 3125 3142
f 3040 3142 3063
f 3063 3142 3050
f 3063 3050 2982
f 2982 3050 3000
f 2982 3000 2816
f 2816 3000 2981
f 2816 2981 2774
f 2774 2981 3024
f 2774 3024 2925
f 2925 3024 3125
f 2925 3125 3040
f 2923 3013 3043
f 2923 3043 3012
f 3012 3043 3021
f 3012 3021 2964
f 2964 3021 2958
f 2964 2958 2806
f 2806 2958 2897
f 2806 2897 2684
f 2684 2897 2929
f 2684 2929 2746
f 2746 2929 3013
f 2746 3013 2923
f 2625 2716 2772
f 2625 2772 2709
f 2709 2772 2750
f 2709 2750 2673
f 2673 2750 2672
f 2673 2672 2587
f 2587 2672 2628
f 2587 2628 2516
f 2516 2628 2635
f 2516 2635 2544
f 2544 2635 2716
f 2544 2716 2625
f 2969 3017 3030
f 2969 3030 3006
f 3006 3030 3001
f 3006 3001 2908
f 2908 3001 2922
f 2908 2922 2742
f 2742 2922 2885
f 2742 2885 2698
f 2698 2885 2953
f 2698 2953 2820
f 2820 2953 3017
f 2820 3017 2969
f 2745 2879 2949
f 2745 2949 2880
f 2880 2949 2933
f 2880 2933 2856
f 2856 2933 2849
f 2856 2849 2704
f 2704 2849 2768
f 2704 2768 2615
f 2615 2768 2796
f 2615 2796 2627
f 2627 2796 2879
f 2627 2879 2745
f 2123 2067 2083
f 2123 2083 2137
f 2137 2083 2028
f 2137 2028 2061
f 2061 2028 1977
f 2061 1977 1971
f 1971 1977 1968
f 1971 1968 1958
f 1958 1968 2017
f 1958 2017 2033
f 2033 2017 2067
f 2033 2067 2123
f 2160 2136 2169
f 2160 2169 2241
f 2241 2169 2161
f 2241 2161 2230
f 2230 2161 2121
f 2230 2121 2134
f 2134 2121 2090
f 2134 2090 2081
f 2081 2090 2095
f 2081 2095 2092
f 2092 2095 2136
f 2092 2136 2160
f 1175 957 1149
f 1175 1149 1302
f 1302 1149 1199
f 1302 1199 1430
f 1430 1199 1187
f 1430 1187 1383
f 1383 1187 1123
f 1383 1123 1252
f 1252 1123 954
f 1252 954 1154
f 1154 954 957
f 1154 957 1175
f 1799 1770 1845
f 1799 1845 1927
f 1927 1845 1876
f 1927 1876 1955
f 1955 1876 1842
f 1955 1842 1925
f 1925 1842 1765
f 1925 1765 1796
f 1796 1765 1718
f 1796 1718 1724
f 1724 1718 1770
f 1724 1770 1799
f 2479 2498 2549
f 2479 2549 2570
f 2570 2549 2547
f 2570 2547 2565
f 2565 2547 2483
f 2565 2483 2473
f 2473 2483 2459
f 2473 2459 2386
f 2386 2459 2463
f 2386 2463 2389
f 2389 2463 2498
f 2389 2498 2479
f 908 844 884
f 908 884 1151
f 1151 884 956
f 1151 956 1240
f 1240 956 940
f 1240 940 1222
f 1222 940 875
f 1222 875 1038
f 1038 875 839
f 1038 839 878
f 878 839 844
f 878 844 908
f 787 608 706
f 787 706 818
f 818 706 705
f 818 705 814
f 814 705 605
f 814 605 784
f 784 605 545
f 784 545 738
f 738 545 546
f 738 546 740
f 740 546 608
f 740 608 787
f 717 523 590
f 717 590 788
f 788 590 596
f 788 596 794
f 794 596 535
f 794 535 739
f 739 535 394
f 739 394 597
f 597 394 377
f 597 377 587
f 587 377 523
f 587 523 717
f 690 359 468
f 690 468 769
f 769 468 483
f 769 483 778
f 778 483 368
f 778 368 716
f 716 368 299
f 716 299 562
f 562 299 294
f 562 294 543
f 543 294 359
f 543 359 690
f 632 375 520
f 632 520 744
f 744 520 537
f 744 537 772
f 772 537 482
f 772 482 721
f 721 482 364
f 721 364 600
f 600 364 337
f 600 337 560
f 560 337 375
f 560 375 632
f 521 260 329
f 521 329 614
f 614 329 360
f 614 360 708
f 708 360 322
f 708 322 598
f 598 322 223
f 598 223 481
f 481 223 202
f 481 202 371
f 371 202 260
f 371 260 521
f 534 191 205
f 534 205 592
f 592 205 194
f 592 194 544
f 544 194 176
f 544 176 392
f 392 176 144
f 392 144 328
f 328 144 163
f 328 163 361
f 361 163 191
f 361 191 534
f 773 714 743
f 773 743 804
f 804 743 741
f 804 741 802
f 802 741 712
f 802 712 771
f 771 712 633
f 771 633 719
f 719 633 634
f 719 634 720
f 720 634 714
f 720 714 773
f 518 190 208
f 518 208 586
f 586 208 195
f 586 195 542
f 542 195 175
f 542 175 370
f 370 175 131
f 370 131 309
f 309 131 152
f 309 152 334
f 334 152 190
f 334 190 518
f 3045 3282 3298
f 3045 3298 3069
f 3069 3298 3421
f 3069 3421 3229
f 3229 3421 3540
f 3229 3540 3324
f 3324 3540 3522
f 3324 3522 3303
f 3303 3522 3340
f 3303 3340 3175
f 3175 3340 3282
f 3175 3282 3045
f 3327 3606 3612
f 3327 3612 3341
f 3341 3612 3656
f 3341 3656 3558
f 3558 3656 3687
f 3558 3687 3635
f 3635 3687 3682
f 3635 3682 3625
f 3625 3682 3642
f 3625 3642 3526
f 3526 3642 3606
f 3526 3606 3327
f 2584 2630 2708
f 2584 2708 2676
f 2676 2708 2685
f 2676 2685 2658
f 2658 2685 2617
f 2658 2617 2550
f 2550 2617 2568
f 2550 2568 2465
f 2465 2568 2577
f 2465 2577 2471
f 2471 2577 2630
f 2471 2630 2584
f 2727 2828 2882
f 2727 2882 2834
f 2834 2882 2857
f 2834 2857 2776
f 2776 2857 2766
f 2776 2766 2642
f 2642 2766 2706
f 2642 2706 2593
f 2593 2706 2735
f 2593 2735 2614
f 2614 2735 2828
f 2614 2828 2727
f 3732 3983 3963
f 3732 3963 3690
f 3690 3963 3964
f 3690 3964 3691
f 3691 3964 3984
f 3691 3984 3736
f 3736 3984 4112
f 3736 4112 3791
f 3791 4112 4095
f 3791 4095 3789
f 3789 4095 3983
f 3789 3983 3732
f 3446 3676 3678
f 3446 3678 3448
f 3448 3678 3707
f 3448 3707 3584
f 3584 3707 3758
f 3584 3758 3637
f 3637 3758 3739
f 3637 3739 3636
f 3636 3739 3703
f 3636 3703 3563
f 3563 3703 3676
f 3563 3676 3446
f 3525 3665 3654
f 3525 3654 3445
f 3445 3654 3673
f 3445 3673 3547
f 3547 3673 3705
f 3547 3705 3633
f 3633 3705 3730
f 3633 3730 3657
f 3657 3730 3699
f 3657 3699 3617
f 3617 3699 3665
f 3617 3665 3525
f 3308 3562 3557
f 3308 3557 3283
f 3283 3557 3594
f 3283 3594 3364
f 3364 3594 3634
f 3364 3634 3555
f 3555 3634 3639
f 3555 3639 3567
f 3567 3639 3611
f 3567 3611 3464
f 3464 3611 3562
f 3464 3562 3308
f 3916 4249 4259
f 3916 4259 3960
f 3960 4259 4288
f 3960 4288 4130
f 4130 4288 4320
f 4130 4320 4180
f 4180 4320 4301
f 4180 4301 4137
f 4137 4301 4264
f 4137 4264 3971
f 3971 4264 4249
f 3971 4249 3916
f 3710 3802 3806
f 3710 3806 3714
f 3714 3806 3909
f 3714 3909 3765
f 3765 3909 3921
f 3765 3921 3800
f 3800 3921 3919
f 3800 3919 3799
f 3799 3919 3889
f 3799 3889 3760
f 3760 3889 3802
f 3760 3802 3710
f 3560 3701 3721
f 3560 3721 3596
f 3596 3721 3770
f 3596 3770 3671
f 3671 3770 3801
f 3671 3801 3713
f 3713 3801 3795
f 3713 3795 3689
f 3689 3795 3733
f 3689 3733 3626
f 3626 3733 3701
f 3626 3701 3560
f 3763 4093 4094
f 3763 4094 3764
f 3764 4094 4133
f 3764 4133 3882
f 3882 4133 4170
f 3882 4170 3962
f 3962 4170 4169
f 3962 4169 3961
f 3961 4169 4132
f 3961 4132 3880
f 3880 4132 4093
f 3880 4093 3763
f 3655 3794 3790
f 3655 3790 3641
f 3641 3790 3881
f 3641 3881 3692
f 3692 3881 3944
f 3692 3944 3787
f 3787 3944 3959
f 3787 3959 3797
f 3797 3959 3908
f 3797 3908 3720
f 3720 3908 3794
f 3720 3794 3655
g nose
usemtl nose
f 2101 2050 2141
f 2038 2111 2050
f 2200 2141 2111
f 2050 2111 2141
f 2101 2141 2202
f 2200 2263 2141
f 2290 2202 2263
f 2141 2263 2202
f 2101 2202 2140
f 2290 2262 2202
f 2199 2140 2262
f 2202 2262 2140
f 2101 2140 2049
f 2199 2110 2140
f 2037 2049 2110
f 2140 2110 2049
f 2101 2049 2050
f 2037 2015 2049
f 2038 2050 2015
f 2049 2015 2050
f 2290 2263 2343
f 2200 2285 2263
f 2350 2343 2285
f 2263 2285 2343
f 2200 2111 2193
f 2038 2109 2111
f 2191 2193 2109
f 2111 2109 2193
f 2038 2015 2048
f 2037 2047 2015
f 2100 2048 2047
f 2015 2047 2048
f 2037 2110 2108
f 2199 2192 2110
f 2190 2108 2192
f 2110 2192 2108
f 2199 2262 2284
f 2290 2342 2262
f 2349 2284 2342
f 2262 2342 2284
f 2289 2341 2261
f 2350 2283 2341
f 2191 2261 2283
f 2341 2283 2261
f 2289 2261 2189
f 2191 2139 2261
f 2100 2189 2139
f 2261 2139 2189
f 2289 2189 2260
f 2100 2138 2189
f 2190 2260 2138
f 2189 2138 2260
f 2289 2260 2340
f 2190 2282 2260
f 2349 2340 2282
f 2260 2282 2340
f 2289 2340 2341
f 2349 2371 2340
f 2350 2341 2371
f 2340 2371 2341
f 2191 2283 2193
f 2350 2285 2283
f 2200 2193 2285
f 2283 2285 2193
f 2100 2139 2048
f 2191 2109 2139
f 2038 2048 2109
f 2139 2109 2048
f 2190 2138 2108
f 2100 2047 2138
f 2037 2108 2047
f 2138 2047 2108
f 2349 2282 2284
f 2190 2192 2282
f 2199 2284 2192
f 2282 2192 2284
f 2350 2371 2343
f 2349 2342 2371
f 2290 2343 2342
f 2371 2342 2343
g eye
usemtl eye
f 1674 1603 1746
f 1598 1684 1603
f 1815 1746 1684
f 1603 1684 1746
f 1674 1746 1816
f 1815 1875 1746
f 1924 1816 1875
f 1746 1875 1816
f 1674 1816 1745
f 1924 1874 1816
f 1814 1745 1874
f 1816 1874 1745
f 1674 1745 1602
f 1814 1683 1745
f 1597 1602 1683
f 1745 1683 1602
f 1674 1602 1603
f 1597 1570 1602
f 1598 1603 1570
f 1602 1570 1603
f 1924 1875 1953
f 1815 1916 1875
f 1957 1953 1916
f 1875 1916 1953
f 1815 1684 1813
f 1598 1682 1684
f 1811 1813 1682
f 1684 1682 1813
f 1598 1570 1601
f 1597 1600 1570
f 1673 1601 1600
f 1570 1600 1601
f 1597 1683 1681
f 1814 1812 1683
f 1810 1681 1812
f 1683 1812 1681
f 1814 1874 1915
f 1924 1952 1874
f 1956 1915 1952
f 1874 1952 1915
f 1923 1951 1873
f 1957 1914 1951
f 1811 1873 1914
f 1951 1914 1873
f 1923 1873 1809
f 1811 1744 1873
f 1673 1809 1744
f 1873 1744 1809
f 1923 1809 1872
f 1673 1743 1809
f 1810 1872 1743
f 1809 1743 1872
f 1923 1872 1950
f 1810 1913 1872
f 1956 1950 1913
f 1872 1913 1950
f 1923 1950 1951
f 1956 1983 1950
f 1957 1951 1983
f 1950 1983 1951
f 1811 1914 1813
f 1957 1916 1914
f 1815 1813 1916
f 1914 1916 1813
f 1673 1744 1601
f 1811 1682 1744
f 1598 1601 1682
f 1744 1682 1601
f 1810 1743 1681
f 1673 1600 1743
f 1597 1681 1600
f 1743 1600 1681
f 1956 1913 1915
f 1810 1812 1913
f 1814 1915 1812
f 1913 1812 1915
f 1957 1983 1953
f 1956 1952 1983
f 1924 1953 1952
f 1983 1952 1953
f 2485 2448 2543
f 2440 2495 2448
f 2606 2543 2495
f 2448 2495 2543
f 2485 2543 2607
f 2606 2653 2543
f 2726 2607 2653
f 2543 2653 2607
f 2485 2607 2542
f 2726 2652 2607
f 2605 2542 2652
f 2607 2652 2542
f 2485 2542 2447
f 2605 2494 2542
f 2439 2447 2494
f 2542 2494 2447
f 2485 2447 2448
f 2439 2404 2447
f 2440 2448 2404
f 2447 2404 2448
f 2726 2653 2824
f 2606 2720 2653
f 2840 2824 2720
f 2653 2720 2824
f 2606 2495 2604
f 2440 2493 2495
f 2602 2604 2493
f 2495 2493 2604
f 2440 2404 2446
f 2439 2445 2404
f 2484 2446 2445
f 2404 2445 2446
f 2439 2494 2492
f 2605 2603 2494
f 2601 2492 2603
f 2494 2603 2492
f 2605 2652 2719
f 2726 2823 2652
f 2839 2719 2823
f 2652 2823 2719
f 2725 2822 2651
f 2840 2718 2822
f 2602 2651 2718
f 2822 2718 2651
f 2725 2651 2600
f 2602 2541 2651
f 2484 2600 2541
f 2651 2541 2600
f 2725 2600 2650
f 2484 2540 2600
f 2601 2650 2540
f 2600 2540 2650
f 2725 2650 2821
f 2601 2717 2650
f 2839 2821 2717
f 2650 2717 2821
f 2725 2821 2822
f 2839 2883 2821
f 2840 2822 2883
f 2821 2883 2822
f 2602 2718 2604
f 2840 2720 2718
f 2606 2604 2720
f 2718 2720 2604
f 2484 2541 2446
f 2602 2493 2541
f 2440 2446 2493
f 2541 2493 2446
f 2601 2540 2492
f 2484 2445 2540
f 2439 2492 2445
f 2540 2445 2492
f 2839 2717 2719
f 2601 2603 2717
f 2605 2719 2603
f 2717 2603 2719
f 2840 2883 2824
f 2839 2823 2883
f 2726 2824 2823
f 2883 2823 2824
g shine
usemtl shine
f 1841 1820 1880
f 1841 1880 1920
f 1841 1920 1879
f 1841 1879 1819
f 1841 1819 1820
f 1920 1880 1934
f 1880 1820 1878
f 1820 1819 1840
f 1819 1879 1877
f 1879 1920 1933
f 1919 1934 1878
f 1919 1878 1840
f 1919 1840 1877
f 1919 1877 1933
f 1919 1933 1934
f 1878 1934 1880
f 1840 1878 1820
f 1877 1840 1819
f 1933 1877 1879
f 1934 1933 1920
f 2489 2476 2539
f 2489 2539 2579
f 2489 2579 2538
f 2489 2538 2475
f 2489 2475 2476
f 2579 2539 2599
f 2539 2476 2537
f 2476 2475 2488
f 2475 2538 2536
f 2538 2579 2598
f 2578 2599 2537
f 2578 2537 2488
f 2578 2488 2536
f 2578 2536 2598
f 2578 2598 2599
f 2537 2599 2539
f 2488 2537 2476
f 2536 2488 2475
f 2598 2536 2538
f 2599 2598 2579
g tire
usemtl tire
f 384 553 555
f 384 555 387
f 387 555 557
f 387 557 389
f 389 557 559
f 389 559 391
f 391 559 558
f 391 558 390
f 390 558 556
f 390 556 388
f 388 556 554
f 388 554 386
f 386 554 552
f 386 552 383
f 383 552 550
f 383 550 381
f 381 550 548
f 381 548 379
f 379 548 547
f 379 547 378
f 378 547 549
f 378 549 380
f 380 549 551
f 380 551 382
f 382 551 553
f 382 553 384
f 553 893 895
f 553 895 555
f 555 895 897
f 555 897 557
f 557 897 899
f 557 899 559
f 559 899 898
f 559 898 558
f 558 898 896
f 558 896 556
f 556 896 894
f 556 894 554
f 554 894 892
f 554 892 552
f 552 892 890
f 552 890 550
f 550 890 888
f 550 888 548
f 548 888 887
f 548 887 547
f 547 887 889
f 547 889 549
f 549 889 891
f 549 891 551
f 551 891 893
f 551 893 553
f 893 1056 1062
f 893 1062 895
f 895 1062 1064
f 895 1064 897
f 897 1064 1066
f 897 1066 899
f 899 1066 1065
f 899 1065 898
f 898 1065 1063
f 898 1063 896
f 896 1063 1058
f 896 1058 894
f 894 1058 1055
f 894 1055 892
f 892 1055 1051
f 892 1051 890
f 890 1051 1049
f 890 1049 888
f 888 1049 1048
f 888 1048 887
f 887 1048 1050
f 887 1050 889
f 889 1050 1052
f 889 1052 891
f 891 1052 1056
f 891 1056 893
f 385 387 384
f 385 389 387
f 385 391 389
f 385 390 391
f 385 388 390
f 385 386 388
f 385 383 386
f 385 381 383
f 385 379 381
f 385 378 379
f 385 380 378
f 385 382 380
f 385 384 382
f 1057 1056 1062
f 1057 1062 1064
f 1057 1064 1066
f 1057 1066 1065
f 1057 1065 1063
f 1057 1063 1058
f 1057 1058 1055
f 1057 1055 1051
f 1057 1051 1049
f 1057 1049 1048
f 1057 1048 1050
f 1057 1050 1052
f 1057 1052 1056
f 3432 3575 3577
f 3432 3577 3438
f 3438 3577 3579
f 3438 3579 3440
f 3440 3579 3581
f 3440 3581 3442
f 3442 3581 3580
f 3442 3580 3441
f 3441 3580 3578
f 3441 3578 3439
f 3439 3578 3576
f 3439 3576 3434
f 3434 3576 3574
f 3434 3574 3431
f 3431 3574 3572
f 3431 3572 3427
f 3427 3572 3570
f 3427 3570 3425
f 3425 3570 3569
f 3425 3569 3424
f 3424 3569 3571
f 3424 3571 3426
f 3426 3571 3573
f 3426 3573 3428
f 3428 3573 3575
f 3428 3575 3432
f 3575 3951 3953
f 3575 3953 3577
f 3577 3953 3955
f 3577 3955 3579
f 3579 3955 3957
f 3579 3957 3581
f 3581 3957 3956
f 3581 3956 3580
f 3580 3956 3954
f 3580 3954 3578
f 3578 3954 3952
f 3578 3952 3576
f 3576 3952 3950
f 3576 3950 3574
f 3574 3950 3948
f 3574 3948 3572
f 3572 3948 3946
f 3572 3946 3570
f 3570 3946 3945
f 3570 3945 3569
f 3569 3945 3947
f 3569 3947 3571
f 3571 3947 3949
f 3571 3949 3573
f 3573 3949 3951
f 3573 3951 3575
f 3951 4122 4125
f 3951 4125 3953
f 3953 4125 4127
f 3953 4127 3955
f 3955 4127 4129
f 3955 4129 3957
f 3957 4129 4128
f 3957 4128 3956
f 3956 4128 4126
f 3956 4126 3954
f 3954 4126 4124
f 3954 4124 3952
f 3952 4124 4121
f 3952 4121 3950
f 3950 4121 4119
f 3950 4119 3948
f 3948 4119 4117
f 3948 4117 3946
f 3946 4117 4116
f 3946 4116 3945
f 3945 4116 4118
f 3945 4118 3947
f 3947 4118 4120
f 3947 4120 3949
f 3949 4120 4122
f 3949 4122 3951
f 3433 3438 3432
f 3433 3440 3438
f 3433 3442 3440
f 3433 3441 3442
f 3433 3439 3441
f 3433 3434 3439
f 3433 3431 3434
f 3433 3427 3431
f 3433 3425 3427
f 3433 3424 3425
f 3433 3426 3424
f 3433 3428 3426
f 3433 3432 3428
f 4123 4122 4125
f 4123 4125 4127
f 4123 4127 4129
f 4123 4129 4128
f 4123 4128 4126
f 4123 4126 4124
f 4123 4124 4121
f 4123 4121 4119
f 4123 4119 4117
f 4123 4117 4116
f 4123 4116 4118
f 4123 4118 4120
f 4123 4120 4122
f 621 729 731
f 621 731 624
f 624 731 733
f 624 733 626
f 626 733 735
f 626 735 628
f 628 735 734
f 628 734 627
f 627 734 732
f 627 732 625
f 625 732 730
f 625 730 623
f 623 730 728
f 623 728 620
f 620 728 726
f 620 726 618
f 618 726 724
f 618 724 616
f 616 724 723
f 616 723 615
f 615 723 725
f 615 725 617
f 617 725 727
f 617 727 619
f 619 727 729
f 619 729 621
f 729 947 949
f 729 949 731
f 731 949 951
f 731 951 733
f 733 951 953
f 733 953 735
f 735 953 952
f 735 952 734
f 734 952 950
f 734 950 732
f 732 950 948
f 732 948 730
f 730 948 946
f 730 946 728
f 728 946 944
f 728 944 726
f 726 944 942
f 726 942 724
f 724 942 941
f 724 941 723
f 723 941 943
f 723 943 725
f 725 943 945
f 725 945 727
f 727 945 947
f 727 947 729
f 947 1138 1141
f 947 1141 949
f 949 1141 1144
f 949 1144 951
f 951 1144 1146
f 951 1146 953
f 953 1146 1145
f 953 1145 952
f 952 1145 1142
f 952 1142 950
f 950 1142 1140
f 950 1140 948
f 948 1140 1137
f 948 1137 946
f 946 1137 1135
f 946 1135 944
f 944 1135 1133
f 944 1133 942
f 942 1133 1132
f 942 1132 941
f 941 1132 1134
f 941 1134 943
f 943 1134 1136
f 943 1136 945
f 945 1136 1138
f 945 1138 947
f 622 624 621
f 622 626 624
f 622 628 626
f 622 627 628
f 622 625 627
f 622 623 625
f 622 620 623
f 622 618 620
f 622 616 618
f 622 615 616
f 622 617 615
f 622 619 617
f 622 621 619
f 1139 1138 1141
f 1139 1141 1144
f 1139 1144 1146
f 1139 1146 1145
f 1139 1145 1142
f 1139 1142 1140
f 1139 1140 1137
f 1139 1137 1135
f 1139 1135 1133
f 1139 1133 1132
f 1139 1132 1134
f 1139 1134 1136
f 1139 1136 1138
f 3351 3533 3535
f 3351 3535 3354
f 3354 3535 3537
f 3354 3537 3357
f 3357 3537 3539
f 3357 3539 3359
f 3359 3539 3538
f 3359 3538 3358
f 3358 3538 3536
f 3358 3536 3355
f 3355 3536 3534
f 3355 3534 3353
f 3353 3534 3532
f 3353 3532 3350
f 3350 3532 3530
f 3350 3530 3348
f 3348 3530 3528
f 3348 3528 3346
f 3346 3528 3527
f 3346 3527 3345
f 3345 3527 3529
f 3345 3529 3347
f 3347 3529 3531
f 3347 3531 3349
f 3349 3531 3533
f 3349 3533 3351
f 3533 3777 3779
f 3533 3779 3535
f 3535 3779 3781
f 3535 3781 3537
f 3537 3781 3783
f 3537 3783 3539
f 3539 3783 3782
f 3539 3782 3538
f 3538 3782 3780
f 3538 3780 3536
f 3536 3780 3778
f 3536 3778 3534
f 3534 3778 3776
f 3534 3776 3532
f 3532 3776 3774
f 3532 3774 3530
f 3530 3774 3772
f 3530 3772 3528
f 3528 3772 3771
f 3528 3771 3527
f 3527 3771 3773
f 3527 3773 3529
f 3529 3773 3775
f 3529 3775 3531
f 3531 3775 3777
f 3531 3777 3533
f 3777 3898 3901
f 3777 3901 3779
f 3779 3901 3903
f 3779 3903 3781
f 3781 3903 3905
f 3781 3905 3783
f 3783 3905 3904
f 3783 3904 3782
f 3782 3904 3902
f 3782 3902 3780
f 3780 3902 3900
f 3780 3900 3778
f 3778 3900 3897
f 3778 3897 3776
f 3776 3897 3895
f 3776 3895 3774
f 3774 3895 3893
f 3774 3893 3772
f 3772 3893 3892
f 3772 3892 3771
f 3771 3892 3894
f 3771 3894 3773
f 3773 3894 3896
f 3773 3896 3775
f 3775 3896 3898
f 3775 3898 3777
f 3352 3354 3351
f 3352 3357 3354
f 3352 3359 3357
f 3352 3358 3359
f 3352 3355 3358
f 3352 3353 3355
f 3352 3350 3353
f 3352 3348 3350
f 3352 3346 3348
f 3352 3345 3346
f 3352 3347 3345
f 3352 3349 3347
f 3352 3351 3349
f 3899 3898 3901
f 3899 3901 3903
f 3899 3903 3905
f 3899 3905 3904
f 3899 3904 3902
f 3899 3902 3900
f 3899 3900 3897
f 3899 3897 3895
f 3899 3895 3893
f 3899 3893 3892
f 3899 3892 3894
f 3899 3894 3896
f 3899 3896 3898
g tread
usemtl tread
f 462 1015 1011
f 462 466 1015
f 463 1012 1016
f 463 1016 467
f 462 1011 1012
f 462 1012 463
f 1015 466 467
f 1015 467 1016
f 1011 1015 1016
f 1011 1016 1012
f 462 463 467
f 462 467 466
f 455 1008 1004
f 455 459 1008
f 461 1010 1014
f 461 1014 465
f 455 1004 1010
f 455 1010 461
f 1008 459 465
f 1008 465 1014
f 1004 1008 1014
f 1004 1014 1010
f 455 461 465
f 455 465 459
f 449 1000 998
f 449 451 1000
f 453 1002 1006
f 453 1006 457
f 449 998 1002
f 449 1002 453
f 1000 451 457
f 1000 457 1006
f 998 1000 1006
f 998 1006 1002
f 449 453 457
f 449 457 451
f 441 992 990
f 441 443 992
f 445 994 996
f 445 996 447
f 441 990 994
f 441 994 445
f 992 443 447
f 992 447 996
f 990 992 996
f 990 996 994
f 441 445 447
f 441 447 443
f 435 980 984
f 435 431 980
f 439 988 986
f 439 986 437
f 435 984 988
f 435 988 439
f 980 431 437
f 980 437 986
f 984 980 986
f 984 986 988
f 435 439 437
f 435 437 431
f 427 972 976
f 427 423 972
f 433 982 978
f 433 978 429
f 427 976 982
f 427 982 433
f 972 423 429
f 972 429 978
f 976 972 978
f 976 978 982
f 427 433 429
f 427 429 423
f 421 966 970
f 421 417 966
f 425 974 968
f 425 968 419
f 421 970 974
f 421 974 425
f 966 417 419
f 966 419 968
f 970 966 968
f 970 968 974
f 421 425 419
f 421 419 417
f 424 967 973
f 424 418 967
f 420 969 965
f 420 965 416
f 424 973 969
f 424 969 420
f 967 418 416
f 967 416 965
f 973 967 965
f 973 965 969
f 424 420 416
f 424 416 418
f 432 977 981
f 432 428 977
f 426 975 971
f 426 971 422
f 432 981 975
f 432 975 426
f 977 428 422
f 977 422 971
f 981 977 971
f 981 971 975
f 432 426 422
f 432 422 428
f 438 985 987
f 438 436 985
f 434 983 979
f 434 979 430
f 438 987 983
f 438 983 434
f 985 436 430
f 985 430 979
f 987 985 979
f 987 979 983
f 438 434 430
f 438 430 436
f 444 995 993
f 444 446 995
f 440 989 991
f 440 991 442
f 444 993 989
f 444 989 440
f 995 446 442
f 995 442 991
f 993 995 991
f 993 991 989
f 444 440 442
f 444 442 446
f 452 1005 1001
f 452 456 1005
f 448 997 999
f 448 999 450
f 452 1001 997
f 452 997 448
f 1005 456 450
f 1005 450 999
f 1001 1005 999
f 1001 999 997
f 452 448 450
f 452 450 456
f 460 1013 1009
f 460 464 1013
f 454 1003 1007
f 454 1007 458
f 460 1009 1003
f 460 1003 454
f 1013 464 458
f 1013 458 1007
f 1009 1013 1007
f 1009 1007 1003
f 460 454 458
f 460 458 464
f 3511 4088 4084
f 3511 3515 4088
f 3512 4085 4089
f 3512 4089 3516
f 3511 4084 4085
f 3511 4085 3512
f 4088 3515 3516
f 4088 3516 4089
f 4084 4088 4089
f 4084 4089 4085
f 3511 3512 3516
f 3511 3516 3515
f 3504 4081 4077
f 3504 3508 4081
f 3510 4083 4087
f 3510 4087 3514
f 3504 4077 4083
f 3504 4083 3510
f 4081 3508 3514
f 4081 3514 4087
f 4077 4081 4087
f 4077 4087 4083
f 3504 3510 3514
f 3504 3514 3508
f 3498 4073 4071
f 3498 3500 4073
f 3502 4075 4079
f 3502 4079 3506
f 3498 4071 4075
f 3498 4075 3502
f 4073 3500 3506
f 4073 3506 4079
f 4071 4073 4079
f 4071 4079 4075
f 3498 3502 3506
f 3498 3506 3500
f 3490 4065 4063
f 3490 3492 4065
f 3494 4067 4069
f 3494 4069 3496
f 3490 4063 4067
f 3490 4067 3494
f 4065 3492 3496
f 4065 3496 4069
f 4063 4065 4069
f 4063 4069 4067
f 3490 3494 3496
f 3490 3496 3492
f 3484 4053 4057
f 3484 3480 4053
f 3488 4061 4059
f 3488 4059 3486
f 3484 4057 4061
f 3484 4061 3488
f 4053 3480 3486
f 4053 3486 4059
f 4057 4053 4059
f 4057 4059 4061
f 3484 3488 3486
f 3484 3486 3480
f 3476 4045 4049
f 3476 3472 4045
f 3482 4055 4051
f 3482 4051 3478
f 3476 4049 4055
f 3476 4055 3482
f 4045 3472 3478
f 4045 3478 4051
f 4049 4045 4051
f 4049 4051 4055
f 3476 3482 3478
f 3476 3478 3472
f 3470 4039 4043
f 3470 3466 4039
f 3474 4047 4041
f 3474 4041 3468
f 3470 4043 4047
f 3470 4047 3474
f 4039 3466 3468
f 4039 3468 4041
f 4043 4039 4041
f 4043 4041 4047
f 3470 3474 3468
f 3470 3468 3466
f 3473 4040 4046
f 3473 3467 4040
f 3469 4042 4038
f 3469 4038 3465
f 3473 4046 4042
f 3473 4042 3469
f 4040 3467 3465
f 4040 3465 4038
f 4046 4040 4038
f 4046 4038 4042
f 3473 3469 3465
f 3473 3465 3467
f 3481 4050 4054
f 3481 3477 4050
f 3475 4048 4044
f 3475 4044 3471
f 3481 4054 4048
f 3481 4048 3475
f 4050 3477 3471
f 4050 3471 4044
f 4054 4050 4044
f 4054 4044 4048
f 3481 3475 3471
f 3481 3471 3477
f 3487 4058 4060
f 3487 3485 4058
f 3483 4056 4052
f 3483 4052 3479
f 3487 4060 4056
f 3487 4056 3483
f 4058 3485 3479
f 4058 3479 4052
f 4060 4058 4052
f 4060 4052 4056
f 3487 3483 3479
f 3487 3479 3485
f 3493 4068 4066
f 3493 3495 4068
f 3489 4062 4064
f 3489 4064 3491
f 3493 4066 4062
f 3493 4062 3489
f 4068 3495 3491
f 4068 3491 4064
f 4066 4068 4064
f 4066 4064 4062
f 3493 3489 3491
f 3493 3491 3495
f 3501 4078 4074
f 3501 3505 4078
f 3497 4070 4072
f 3497 4072 3499
f 3501 4074 4070
f 3501 4070 3497
f 4078 3505 3499
f 4078 3499 4072
f 4074 4078 4072
f 4074 4072 4070
f 3501 3497 3499
f 3501 3499 3505
f 3509 4086 4082
f 3509 3513 4086
f 3503 4076 4080
f 3503 4080 3507
f 3509 4082 4076
f 3509 4076 3503
f 4086 3513 3507
f 4086 3507 4080
f 4082 4086 4080
f 4082 4080 4076
f 3509 3503 3507
f 3509 3507 3513
f 682 1121 1117
f 682 686 1121
f 683 1118 1122
f 683 1122 687
f 682 1117 1118
f 682 1118 683
f 1121 686 687
f 1121 687 1122
f 1117 1121 1122
f 1117 1122 1118
f 682 683 687
f 682 687 686
f 675 1114 1110
f 675 679 1114
f 681 1116 1120
f 681 1120 685
f 675 1110 1116
f 675 1116 681
f 1114 679 685
f 1114 685 1120
f 1110 1114 1120
f 1110 1120 1116
f 675 681 685
f 675 685 679
f 669 1106 1104
f 669 671 1106
f 673 1108 1112
f 673 1112 677
f 669 1104 1108
f 669 1108 673
f 1106 671 677
f 1106 677 1112
f 1104 1106 1112
f 1104 1112 1108
f 669 673 677
f 669 677 671
f 661 1098 1096
f 661 663 1098
f 665 1100 1102
f 665 1102 667
f 661 1096 1100
f 661 1100 665
f 1098 663 667
f 1098 667 1102
f 1096 1098 1102
f 1096 1102 1100
f 661 665 667
f 661 667 663
f 655 1086 1090
f 655 651 1086
f 659 1094 1092
f 659 1092 657
f 655 1090 1094
f 655 1094 659
f 1086 651 657
f 1086 657 1092
f 1090 1086 1092
f 1090 1092 1094
f 655 659 657
f 655 657 651
f 647 1076 1082
f 647 641 1076
f 653 1088 1084
f 653 1084 649
f 647 1082 1088
f 647 1088 653
f 1076 641 649
f 1076 649 1084
f 1082 1076 1084
f 1082 1084 1088
f 647 653 649
f 647 649 641
f 643 1072 1078
f 643 637 1072
f 645 1080 1074
f 645 1074 639
f 643 1078 1080
f 643 1080 645
f 1072 637 639
f 1072 639 1074
f 1078 1072 1074
f 1078 1074 1080
f 643 645 639
f 643 639 637
f 644 1073 1079
f 644 638 1073
f 642 1077 1071
f 642 1071 636
f 644 1079 1077
f 644 1077 642
f 1073 638 636
f 1073 636 1071
f 1079 1073 1071
f 1079 1071 1077
f 644 642 636
f 644 636 638
f 652 1083 1087
f 652 648 1083
f 646 1081 1075
f 646 1075 640
f 652 1087 1081
f 652 1081 646
f 1083 648 640
f 1083 640 1075
f 1087 1083 1075
f 1087 1075 1081
f 652 646 640
f 652 640 648
f 658 1091 1093
f 658 656 1091
f 654 1089 1085
f 654 1085 650
f 658 1093 1089
f 658 1089 654
f 1091 656 650
f 1091 650 1085
f 1093 1091 1085
f 1093 1085 1089
f 658 654 650
f 658 650 656
f 664 1101 1099
f 664 666 1101
f 660 1095 1097
f 660 1097 662
f 664 1099 1095
f 664 1095 660
f 1101 666 662
f 1101 662 1097
f 1099 1101 1097
f 1099 1097 1095
f 664 660 662
f 664 662 666
f 672 1111 1107
f 672 676 1111
f 668 1103 1105
f 668 1105 670
f 672 1107 1103
f 672 1103 668
f 1111 676 670
f 1111 670 1105
f 1107 1111 1105
f 1107 1105 1103
f 672 668 670
f 672 670 676
f 680 1119 1115
f 680 684 1119
f 674 1109 1113
f 674 1113 678
f 680 1115 1109
f 680 1109 674
f 1119 684 678
f 1119 678 1113
f 1115 1119 1113
f 1115 1113 1109
f 680 674 678
f 680 678 684
f 3415 3877 3873
f 3415 3419 3877
f 3416 3874 3878
f 3416 3878 3420
f 3415 3873 3874
f 3415 3874 3416
f 3877 3419 3420
f 3877 3420 3878
f 3873 3877 3878
f 3873 3878 3874
f 3415 3416 3420
f 3415 3420 3419
f 3408 3870 3866
f 3408 3412 3870
f 3414 3872 3876
f 3414 3876 3418
f 3408 3866 3872
f 3408 3872 3414
f 3870 3412 3418
f 3870 3418 3876
f 3866 3870 3876
f 3866 3876 3872
f 3408 3414 3418
f 3408 3418 3412
f 3402 3862 3860
f 3402 3404 3862
f 3406 3864 3868
f 3406 3868 3410
f 3402 3860 3864
f 3402 3864 3406
f 3862 3404 3410
f 3862 3410 3868
f 3860 3862 3868
f 3860 3868 3864
f 3402 3406 3410
f 3402 3410 3404
f 3394 3854 3852
f 3394 3396 3854
f 3398 3856 3858
f 3398 3858 3400
f 3394 3852 3856
f 3394 3856 3398
f 3854 3396 3400
f 3854 3400 3858
f 3852 3854 3858
f 3852 3858 3856
f 3394 3398 3400
f 3394 3400 3396
f 3388 3842 3846
f 3388 3384 3842
f 3392 3850 3848
f 3392 3848 3390
f 3388 3846 3850
f 3388 3850 3392
f 3842 3384 3390
f 3842 3390 3848
f 3846 3842 3848
f 3846 3848 3850
f 3388 3392 3390
f 3388 3390 3384
f 3380 3832 3838
f 3380 3374 3832
f 3386 3844 3840
f 3386 3840 3382
f 3380 3838 3844
f 3380 3844 3386
f 3832 3374 3382
f 3832 3382 3840
f 3838 3832 3840
f 3838 3840 3844
f 3380 3386 3382
f 3380 3382 3374
f 3376 3828 3834
f 3376 3370 3828
f 3378 3836 3830
f 3378 3830 3372
f 3376 3834 3836
f 3376 3836 3378
f 3828 3370 3372
f 3828 3372 3830
f 3834 3828 3830
f 3834 3830 3836
f 3376 3378 3372
f 3376 3372 3370
f 3377 3829 3835
f 3377 3371 3829
f 3375 3833 3827
f 3375 3827 3369
f 3377 3835 3833
f 3377 3833 3375
f 3829 3371 3369
f 3829 3369 3827
f 3835 3829 3827
f 3835 3827 3833
f 3377 3375 3369
f 3377 3369 3371
f 3385 3839 3843
f 3385 3381 3839
f 3379 3837 3831
f 3379 3831 3373
f 3385 3843 3837
f 3385 3837 3379
f 3839 3381 3373
f 3839 3373 3831
f 3843 3839 3831
f 3843 3831 3837
f 3385 3379 3373
f 3385 3373 3381
f 3391 3847 3849
f 3391 3389 3847
f 3387 3845 3841
f 3387 3841 3383
f 3391 3849 3845
f 3391 3845 3387
f 3847 3389 3383
f 3847 3383 3841
f 3849 3847 3841
f 3849 3841 3845
f 3391 3387 3383
f 3391 3383 3389
f 3397 3857 3855
f 3397 3399 3857
f 3393 3851 3853
f 3393 3853 3395
f 3397 3855 3851
f 3397 3851 3393
f 3857 3399 3395
f 3857 3395 3853
f 3855 3857 3853
f 3855 3853 3851
f 3397 3393 3395
f 3397 3395 3399
f 3405 3867 3863
f 3405 3409 3867
f 3401 3859 3861
f 3401 3861 3403
f 3405 3863 3859
f 3405 3859 3401
f 3867 3409 3403
f 3867 3403 3861
f 3863 3867 3861
f 3863 3861 3859
f 3405 3401 3403
f 3405 3403 3409
f 3413 3875 3871
f 3413 3417 3875
f 3407 3865 3869
f 3407 3869 3411
f 3413 3871 3865
f 3413 3865 3407
f 3875 3417 3411
f 3875 3411 3869
f 3871 3875 3869
f 3871 3869 3865
f 3413 3407 3411
f 3413 3411 3417
g hub
usemtl hub
f 474 266 269
f 474 269 477
f 477 269 271
f 477 271 479
f 479 271 272
f 479 272 480
f 480 272 270
f 480 270 478
f 478 270 268
f 478 268 476
f 476 268 265
f 476 265 473
f 473 265 263
f 473 263 471
f 471 263 261
f 471 261 469
f 469 261 262
f 469 262 470
f 470 262 264
f 470 264 472
f 472 264 266
f 472 266 474
f 475 477 474
f 475 479 477
f 475 480 479
f 475 478 480
f 475 476 478
f 475 473 476
f 475 471 473
f 475 469 471
f 475 470 469
f 475 472 470
f 475 474 472
f 267 266 269
f 267 269 271
f 267 271 272
f 267 272 270
f 267 270 268
f 267 268 265
f 267 265 263
f 267 263 261
f 267 261 262
f 267 262 264
f 267 264 266
f 4029 4200 4203
f 4029 4203 4032
f 4032 4203 4205
f 4032 4205 4034
f 4034 4205 4206
f 4034 4206 4035
f 4035 4206 4204
f 4035 4204 4033
f 4033 4204 4202
f 4033 4202 4031
f 4031 4202 4199
f 4031 4199 4028
f 4028 4199 4197
f 4028 4197 4026
f 4026 4197 4195
f 4026 4195 4024
f 4024 4195 4196
f 4024 4196 4025
f 4025 4196 4198
f 4025 4198 4027
f 4027 4198 4200
f 4027 4200 4029
f 4030 4032 4029
f 4030 4034 4032
f 4030 4035 4034
f 4030 4033 4035
f 4030 4031 4033
f 4030 4028 4031
f 4030 4026 4028
f 4030 4024 4026
f 4030 4025 4024
f 4030 4027 4025
f 4030 4029 4027
f 4201 4200 4203
f 4201 4203 4205
f 4201 4205 4206
f 4201 4206 4204
f 4201 4204 4202
f 4201 4202 4199
f 4201 4199 4197
f 4201 4197 4195
f 4201 4195 4196
f 4201 4196 4198
f 4201 4198 4200
f 697 509 512
f 697 512 700
f 700 512 514
f 700 514 702
f 702 514 515
f 702 515 703
f 703 515 513
f 703 513 701
f 701 513 511
f 701 511 699
f 699 511 508
f 699 508 696
f 696 508 506
f 696 506 694
f 694 506 504
f 694 504 692
f 692 504 505
f 692 505 693
f 693 505 507
f 693 507 695
f 695 507 509
f 695 509 697
f 698 700 697
f 698 702 700
f 698 703 702
f 698 701 703
f 698 699 701
f 698 696 699
f 698 694 696
f 698 692 694
f 698 693 692
f 698 695 693
f 698 697 695
f 510 509 512
f 510 512 514
f 510 514 515
f 510 515 513
f 510 513 511
f 510 511 508
f 510 508 506
f 510 506 504
f 510 504 505
f 510 505 507
f 510 507 509
f 3814 3990 3993
f 3814 3993 3817
f 3817 3993 3995
f 3817 3995 3819
f 3819 3995 3996
f 3819 3996 3820
f 3820 3996 3994
f 3820 3994 3818
f 3818 3994 3992
f 3818 3992 3816
f 3816 3992 3989
f 3816 3989 3813
f 3813 3989 3987
f 3813 3987 3811
f 3811 3987 3985
f 3811 3985 3809
f 3809 3985 3986
f 3809 3986 3810
f 3810 3986 3988
f 3810 3988 3812
f 3812 3988 3990
f 3812 3990 3814
f 3815 3817 3814
f 3815 3819 3817
f 3815 3820 3819
f 3815 3818 3820
f 3815 3816 3818
f 3815 3813 3816
f 3815 3811 3813
f 3815 3809 3811
f 3815 3810 3809
f 3815 3812 3810
f 3815 3814 3812
f 3991 3990 3993
f 3991 3993 3995
f 3991 3995 3996
f 3991 3996 3994
f 3991 3994 3992
f 3991 3992 3989
f 3991 3989 3987
f 3991 3987 3985
f 3991 3985 3986
f 3991 3986 3988
f 3991 3988 3990
g hub_dk
usemtl hub_dk
f 287 156 159
f 287 159 290
f 290 159 161
f 290 161 292
f 292 161 160
f 292 160 291
f 291 160 158
f 291 158 289
f 289 158 155
f 289 155 286
f 286 155 153
f 286 153 284
f 284 153 154
f 284 154 285
f 285 154 156
f 285 156 287
f 288 290 287
f 288 292 290
f 288 291 292
f 288 289 291
f 288 286 289
f 288 284 286
f 288 285 284
f 288 287 285
f 157 156 159
f 157 159 161
f 157 161 160
f 157 160 158
f 157 158 155
f 157 155 153
f 157 153 154
f 157 154 156
f 4186 4294 4297
f 4186 4297 4189
f 4189 4297 4299
f 4189 4299 4191
f 4191 4299 4298
f 4191 4298 4190
f 4190 4298 4296
f 4190 4296 4188
f 4188 4296 4293
f 4188 4293 4185
f 4185 4293 4291
f 4185 4291 4183
f 4183 4291 4292
f 4183 4292 4184
f 4184 4292 4294
f 4184 4294 4186
f 4187 4189 4186
f 4187 4191 4189
f 4187 4190 4191
f 4187 4188 4190
f 4187 4185 4188
f 4187 4183 4185
f 4187 4184 4183
f 4187 4186 4184
f 4295 4294 4297
f 4295 4297 4299
f 4295 4299 4298
f 4295 4298 4296
f 4295 4296 4293
f 4295 4293 4291
f 4295 4291 4292
f 4295 4292 4294
f 527 303 306
f 527 306 530
f 530 306 308
f 530 308 532
f 532 308 307
f 532 307 531
f 531 307 305
f 531 305 529
f 529 305 302
f 529 302 526
f 526 302 300
f 526 300 524
f 524 300 301
f 524 301 525
f 525 301 303
f 525 303 527
f 528 530 527
f 528 532 530
f 528 531 532
f 528 529 531
f 528 526 529
f 528 524 526
f 528 525 524
f 528 527 525
f 304 303 306
f 304 306 308
f 304 308 307
f 304 307 305
f 304 305 302
f 304 302 300
f 304 300 301
f 304 301 303
f 3976 4174 4177
f 3976 4177 3979
f 3979 4177 4179
f 3979 4179 3981
f 3981 4179 4178
f 3981 4178 3980
f 3980 4178 4176
f 3980 4176 3978
f 3978 4176 4173
f 3978 4173 3975
f 3975 4173 4171
f 3975 4171 3973
f 3973 4171 4172
f 3973 4172 3974
f 3974 4172 4174
f 3974 4174 3976
f 3977 3979 3976
f 3977 3981 3979
f 3977 3980 3981
f 3977 3978 3980
f 3977 3975 3978
f 3977 3973 3975
f 3977 3974 3973
f 3977 3976 3974
f 4175 4174 4177
f 4175 4177 4179
f 4175 4179 4178
f 4175 4178 4176
f 4175 4176 4173
f 4175 4173 4171
f 4175 4171 4172
f 4175 4172 4174
g metal
usemtl metal
f 830 3649 3647
f 830 832 3649
f 831 3648 3650
f 831 3650 833
f 830 3647 3648
f 830 3648 831
f 3649 832 833
f 3649 833 3650
f 3647 3649 3650
f 3647 3650 3648
f 830 831 833
f 830 833 832
f 253 357 354
f 253 256 357
f 254 355 358
f 254 358 257
f 253 354 355
f 253 355 254
f 357 256 257
f 357 257 358
f 354 357 358
f 354 358 355
f 253 254 257
f 253 257 256
f 246 348 347
f 246 247 348
f 248 349 350
f 248 350 249
f 246 347 349
f 246 349 248
f 348 247 249
f 348 249 350
f 347 348 350
f 347 350 349
f 246 248 249
f 246 249 247
f 241 339 342
f 241 238 339
f 242 343 340
f 242 340 239
f 241 342 343
f 241 343 242
f 339 238 239
f 339 239 340
f 342 339 340
f 342 340 343
f 241 242 239
f 241 239 238
f 245 345 346
f 245 244 345
f 243 344 341
f 243 341 240
f 245 346 344
f 245 344 243
f 345 244 240
f 345 240 341
f 346 345 341
f 346 341 344
f 245 243 240
f 245 240 244
f 252 356 353
f 252 255 356
f 250 351 352
f 250 352 251
f 252 353 351
f 252 351 250
f 356 255 251
f 356 251 352
f 353 356 352
f 353 352 351
f 252 250 251
f 252 251 255
f 4153 4231 4228
f 4153 4156 4231
f 4154 4229 4232
f 4154 4232 4157
f 4153 4228 4229
f 4153 4229 4154
f 4231 4156 4157
f 4231 4157 4232
f 4228 4231 4232
f 4228 4232 4229
f 4153 4154 4157
f 4153 4157 4156
f 4146 4222 4221
f 4146 4147 4222
f 4148 4223 4224
f 4148 4224 4149
f 4146 4221 4223
f 4146 4223 4148
f 4222 4147 4149
f 4222 4149 4224
f 4221 4222 4224
f 4221 4224 4223
f 4146 4148 4149
f 4146 4149 4147
f 4141 4213 4216
f 4141 4138 4213
f 4142 4217 4214
f 4142 4214 4139
f 4141 4216 4217
f 4141 4217 4142
f 4213 4138 4139
f 4213 4139 4214
f 4216 4213 4214
f 4216 4214 4217
f 4141 4142 4139
f 4141 4139 4138
f 4145 4219 4220
f 4145 4144 4219
f 4143 4218 4215
f 4143 4215 4140
f 4145 4220 4218
f 4145 4218 4143
f 4219 4144 4140
f 4219 4140 4215
f 4220 4219 4215
f 4220 4215 4218
f 4145 4143 4140
f 4145 4140 4144
f 4152 4230 4227
f 4152 4155 4230
f 4150 4225 4226
f 4150 4226 4151
f 4152 4227 4225
f 4152 4225 4150
f 4230 4155 4151
f 4230 4151 4226
f 4227 4230 4226
f 4227 4226 4225
f 4152 4150 4151
f 4152 4151 4155
f 498 583 579
f 498 502 583
f 500 581 584
f 500 584 503
f 498 579 581
f 498 581 500
f 583 502 503
f 583 503 584
f 579 583 584
f 579 584 581
f 498 500 503
f 498 503 502
f 491 573 572
f 491 492 573
f 495 576 577
f 495 577 496
f 491 572 576
f 491 576 495
f 573 492 496
f 573 496 577
f 572 573 577
f 572 577 576
f 491 495 496
f 491 496 492
f 487 565 568
f 487 484 565
f 489 570 566
f 489 566 485
f 487 568 570
f 487 570 489
f 565 484 485
f 565 485 566
f 568 565 566
f 568 566 570
f 487 489 485
f 487 485 484
f 493 571 574
f 493 490 571
f 488 569 567
f 488 567 486
f 493 574 569
f 493 569 488
f 571 490 486
f 571 486 567
f 574 571 567
f 574 567 569
f 493 488 486
f 493 486 490
f 499 582 580
f 499 501 582
f 494 575 578
f 494 578 497
f 499 580 575
f 499 575 494
f 582 501 497
f 582 497 578
f 580 582 578
f 580 578 575
f 499 494 497
f 499 497 501
f 3936 4019 4015
f 3936 3940 4019
f 3938 4017 4020
f 3938 4020 3941
f 3936 4015 4017
f 3936 4017 3938
f 4019 3940 3941
f 4019 3941 4020
f 4015 4019 4020
f 4015 4020 4017
f 3936 3938 3941
f 3936 3941 3940
f 3929 4009 4008
f 3929 3930 4009
f 3933 4012 4013
f 3933 4013 3934
f 3929 4008 4012
f 3929 4012 3933
f 4009 3930 3934
f 4009 3934 4013
f 4008 4009 4013
f 4008 4013 4012
f 3929 3933 3934
f 3929 3934 3930
f 3925 4001 4004
f 3925 3922 4001
f 3927 4006 4002
f 3927 4002 3923
f 3925 4004 4006
f 3925 4006 3927
f 4001 3922 3923
f 4001 3923 4002
f 4004 4001 4002
f 4004 4002 4006
f 3925 3927 3923
f 3925 3923 3922
f 3931 4007 4010
f 3931 3928 4007
f 3926 4005 4003
f 3926 4003 3924
f 3931 4010 4005
f 3931 4005 3926
f 4007 3928 3924
f 4007 3924 4003
f 4010 4007 4003
f 4010 4003 4005
f 3931 3926 3924
f 3931 3924 3928
f 3937 4018 4016
f 3937 3939 4018
f 3932 4011 4014
f 3932 4014 3935
f 3937 4016 4011
f 3937 4011 3932
f 4018 3939 3935
f 4018 3935 4014
f 4016 4018 4014
f 4016 4014 4011
f 3937 3932 3935
f 3937 3935 3939
f 1473 3008 3007
f 1473 1474 3008
f 1475 3009 3010
f 1475 3010 1476
f 1473 3007 3009
f 1473 3009 1475
f 3008 1474 1476
f 3008 1476 3010
f 3007 3008 3010
f 3007 3010 3009
f 1473 1475 1476
f 1473 1476 1474
f 1702 2696 2694
f 1702 1704 2696
f 1703 2695 2697
f 1703 2697 1705
f 1702 2694 2695
f 1702 2695 1703
f 2696 1704 1705
f 2696 1705 2697
f 2694 2696 2697
f 2694 2697 2695
f 1702 1703 1705
f 1702 1705 1704
f 81 1713 1843
f 81 36 1713
f 82 1844 1714
f 82 1714 37
f 81 1843 1844
f 81 1844 82
f 1713 36 37
f 1713 37 1714
f 1843 1713 1714
f 1843 1714 1844
f 81 82 37
f 81 37 36
f 2575 4405 4359
f 2575 2679 4405
f 2576 4360 4406
f 2576 4406 2680
f 2575 4359 4360
f 2575 4360 2576
f 4405 2679 2680
f 4405 2680 4406
f 4359 4405 4406
f 4359 4406 4360
f 2575 2576 2680
f 2575 2680 2679
f 315 316 232
f 315 232 231
f 231 232 139
f 231 139 138
f 138 139 72
f 138 72 71
f 71 72 31
f 71 31 30
f 30 31 10
f 30 10 9
f 9 10 25
f 9 25 24
f 24 25 66
f 24 66 65
f 65 66 133
f 65 133 132
f 132 133 226
f 132 226 225
f 225 226 316
f 225 316 315
f 109 231 315
f 109 138 231
f 109 71 138
f 109 30 71
f 109 9 30
f 109 24 9
f 109 65 24
f 109 132 65
f 109 225 132
f 109 315 225
f 110 316 232
f 110 232 139
f 110 139 72
f 110 72 31
f 110 31 10
f 110 10 25
f 110 25 66
f 110 66 133
f 110 133 226
f 110 226 316
f 317 318 234
f 317 234 233
f 233 234 141
f 233 141 140
f 140 141 74
f 140 74 73
f 73 74 33
f 73 33 32
f 32 33 12
f 32 12 11
f 11 12 27
f 11 27 26
f 26 27 68
f 26 68 67
f 67 68 135
f 67 135 134
f 134 135 228
f 134 228 227
f 227 228 318
f 227 318 317
f 111 233 317
f 111 140 233
f 111 73 140
f 111 32 73
f 111 11 32
f 111 26 11
f 111 67 26
f 111 134 67
f 111 227 134
f 111 317 227
f 112 318 234
f 112 234 141
f 112 141 74
f 112 74 33
f 112 33 12
f 112 12 27
f 112 27 68
f 112 68 135
f 112 135 228
f 112 228 318
f 319 320 236
f 319 236 235
f 235 236 143
f 235 143 142
f 142 143 76
f 142 76 75
f 75 76 35
f 75 35 34
f 34 35 14
f 34 14 13
f 13 14 29
f 13 29 28
f 28 29 70
f 28 70 69
f 69 70 137
f 69 137 136
f 136 137 230
f 136 230 229
f 229 230 320
f 229 320 319
f 113 235 319
f 113 142 235
f 113 75 142
f 113 34 75
f 113 13 34
f 113 28 13
f 113 69 28
f 113 136 69
f 113 229 136
f 113 319 229
f 114 320 236
f 114 236 143
f 114 143 76
f 114 76 35
f 114 35 14
f 114 14 29
f 114 29 70
f 114 70 137
f 114 137 230
f 114 230 320
f 4428 4429 4414
f 4428 4414 4413
f 4413 4414 4373
f 4413 4373 4372
f 4372 4373 4313
f 4372 4313 4312
f 4312 4313 4241
f 4312 4241 4240
f 4240 4241 4164
f 4240 4164 4163
f 4163 4164 4235
f 4163 4235 4234
f 4234 4235 4307
f 4234 4307 4306
f 4306 4307 4367
f 4306 4367 4366
f 4366 4367 4408
f 4366 4408 4407
f 4407 4408 4429
f 4407 4429 4428
f 4333 4413 4428
f 4333 4372 4413
f 4333 4312 4372
f 4333 4240 4312
f 4333 4163 4240
f 4333 4234 4163
f 4333 4306 4234
f 4333 4366 4306
f 4333 4407 4366
f 4333 4428 4407
f 4334 4429 4414
f 4334 4414 4373
f 4334 4373 4313
f 4334 4313 4241
f 4334 4241 4164
f 4334 4164 4235
f 4334 4235 4307
f 4334 4307 4367
f 4334 4367 4408
f 4334 4408 4429
f 4430 4431 4416
f 4430 4416 4415
f 4415 4416 4375
f 4415 4375 4374
f 4374 4375 4315
f 4374 4315 4314
f 4314 4315 4243
f 4314 4243 4242
f 4242 4243 4166
f 4242 4166 4165
f 4165 4166 4237
f 4165 4237 4236
f 4236 4237 4309
f 4236 4309 4308
f 4308 4309 4369
f 4308 4369 4368
f 4368 4369 4410
f 4368 4410 4409
f 4409 4410 4431
f 4409 4431 4430
f 4335 4415 4430
f 4335 4374 4415
f 4335 4314 4374
f 4335 4242 4314
f 4335 4165 4242
f 4335 4236 4165
f 4335 4308 4236
f 4335 4368 4308
f 4335 4409 4368
f 4335 4430 4409
f 4336 4431 4416
f 4336 4416 4375
f 4336 4375 4315
f 4336 4315 4243
f 4336 4243 4166
f 4336 4166 4237
f 4336 4237 4309
f 4336 4309 4369
f 4336 4369 4410
f 4336 4410 4431
f 4432 4433 4418
f 4432 4418 4417
f 4417 4418 4377
f 4417 4377 4376
f 4376 4377 4317
f 4376 4317 4316
f 4316 4317 4245
f 4316 4245 4244
f 4244 4245 4168
f 4244 4168 4167
f 4167 4168 4239
f 4167 4239 4238
f 4238 4239 4311
f 4238 4311 4310
f 4310 4311 4371
f 4310 4371 4370
f 4370 4371 4412
f 4370 4412 4411
f 4411 4412 4433
f 4411 4433 4432
f 4337 4417 4432
f 4337 4376 4417
f 4337 4316 4376
f 4337 4244 4316
f 4337 4167 4244
f 4337 4238 4167
f 4337 4310 4238
f 4337 4370 4310
f 4337 4411 4370
f 4337 4432 4411
f 4338 4433 4418
f 4338 4418 4377
f 4338 4377 4317
f 4338 4317 4245
f 4338 4245 4168
f 4338 4168 4239
f 4338 4239 4311
f 4338 4311 4371
f 4338 4371 4412
f 4338 4412 4433
g metal_dk
usemtl metal_dk
f 1053 3435 3429
f 1053 1059 3435
f 1054 3430 3436
f 1054 3436 1060
f 1053 3429 3430
f 1053 3430 1054
f 3435 1059 1060
f 3435 1060 3436
f 3429 3435 3436
f 3429 3436 3430
f 1053 1054 1060
f 1053 1060 1059
f 758 3749 3754
f 758 3754 763
f 763 3754 3757
f 763 3757 766
f 766 3757 3755
f 766 3755 764
f 764 3755 3751
f 764 3751 760
f 760 3751 3745
f 760 3745 754
f 754 3745 3741
f 754 3741 750
f 750 3741 3744
f 750 3744 753
f 753 3744 3749
f 753 3749 758
f 759 763 758
f 759 766 763
f 759 764 766
f 759 760 764
f 759 754 760
f 759 750 754
f 759 753 750
f 759 758 753
f 3750 3749 3754
f 3750 3754 3757
f 3750 3757 3755
f 3750 3755 3751
f 3750 3751 3745
f 3750 3745 3741
f 3750 3741 3744
f 3750 3744 3749
f 755 3746 3752
f 755 3752 761
f 761 3752 3756
f 761 3756 765
f 765 3756 3753
f 765 3753 762
f 762 3753 3748
f 762 3748 757
f 757 3748 3743
f 757 3743 752
f 752 3743 3740
f 752 3740 749
f 749 3740 3742
f 749 3742 751
f 751 3742 3746
f 751 3746 755
f 756 761 755
f 756 765 761
f 756 762 765
f 756 757 762
f 756 752 757
f 756 749 752
f 756 751 749
f 756 755 751
f 3747 3746 3752
f 3747 3752 3756
f 3747 3756 3753
f 3747 3753 3748
f 3747 3748 3743
f 3747 3743 3740
f 3747 3740 3742
f 3747 3742 3746
f 1267 3209 3208
f 1267 1268 3209
f 1269 3210 3211
f 1269 3211 1270
f 1267 3208 3210
f 1267 3210 1269
f 3209 1268 1270
f 3209 1270 3211
f 3208 3209 3211
f 3208 3211 3210
f 1267 1269 1270
f 1267 1270 1268
f 2218 2221 2466
f 2218 2466 2490
f 2490 2466 2659
f 2490 2659 2767
f 2767 2659 2734
f 2767 2734 2861
f 2861 2734 2583
f 2861 2583 2629
f 2629 2583 2333
f 2629 2333 2347
f 2347 2333 2059
f 2347 2059 2043
f 2043 2059 1834
f 2043 1834 1780
f 1780 1834 1663
f 1780 1663 1582
f 1582 1663 1737
f 1582 1737 1633
f 1633 1737 1936
f 1633 1936 1918
f 1918 1936 2221
f 1918 2221 2218
f 2217 2490 2218
f 2217 2767 2490
f 2217 2861 2767
f 2217 2629 2861
f 2217 2347 2629
f 2217 2043 2347
f 2217 1780 2043
f 2217 1582 1780
f 2217 1633 1582
f 2217 1918 1633
f 2217 2218 1918
f 2220 2221 2466
f 2220 2466 2659
f 2220 2659 2734
f 2220 2734 2583
f 2220 2583 2333
f 2220 2333 2059
f 2220 2059 1834
f 2220 1834 1663
f 2220 1663 1737
f 2220 1737 1936
f 2220 1936 2221
f 1410 3090 3098
f 1410 3098 1418
f 1418 3098 3100
f 1418 3100 1420
f 1420 3100 3101
f 1420 3101 1421
f 1421 3101 3099
f 1421 3099 1419
f 1419 3099 3094
f 1419 3094 1414
f 1414 3094 3086
f 1414 3086 1406
f 1406 3086 3084
f 1406 3084 1404
f 1404 3084 3083
f 1404 3083 1403
f 1403 3083 3085
f 1403 3085 1405
f 1405 3085 3090
f 1405 3090 1410
f 1412 1418 1410
f 1412 1420 1418
f 1412 1421 1420
f 1412 1419 1421
f 1412 1414 1419
f 1412 1406 1414
f 1412 1404 1406
f 1412 1403 1404
f 1412 1405 1403
f 1412 1410 1405
f 3092 3090 3098
f 3092 3098 3100
f 3092 3100 3101
f 3092 3101 3099
f 3092 3099 3094
f 3092 3094 3086
f 3092 3086 3084
f 3092 3084 3083
f 3092 3083 3085
f 3092 3085 3090
f 18 275 273
f 18 20 275
f 19 274 276
f 19 276 21
f 18 273 274
f 18 274 19
f 275 20 21
f 275 21 276
f 273 275 276
f 273 276 274
f 18 19 21
f 18 21 20
f 4207 4423 4421
f 4207 4209 4423
f 4208 4422 4424
f 4208 4424 4210
f 4207 4421 4422
f 4207 4422 4208
f 4423 4209 4210
f 4423 4210 4424
f 4421 4423 4424
f 4421 4424 4422
f 4207 4208 4210
f 4207 4210 4209
f 410 516 363
f 410 363 331
f 331 363 178
f 331 178 172
f 172 178 54
f 172 54 56
f 56 54 4
f 56 4 7
f 7 4 1
f 7 1 2
f 2 1 3
f 2 3 6
f 6 3 53
f 6 53 55
f 55 53 177
f 55 177 171
f 171 177 362
f 171 362 330
f 330 362 516
f 330 516 410
f 516 293 210
f 516 210 363
f 363 210 130
f 363 130 178
f 178 130 80
f 178 80 54
f 54 80 42
f 54 42 4
f 4 42 15
f 4 15 1
f 1 15 41
f 1 41 3
f 3 41 79
f 3 79 53
f 53 79 129
f 53 129 177
f 177 129 209
f 177 209 362
f 362 209 293
f 362 293 516
f 107 331 410
f 107 172 331
f 107 56 172
f 107 7 56
f 107 2 7
f 107 6 2
f 107 55 6
f 107 171 55
f 107 330 171
f 107 410 330
f 108 293 210
f 108 210 130
f 108 130 80
f 108 80 42
f 108 42 15
f 108 15 41
f 108 41 79
f 108 79 129
f 108 129 209
f 108 209 293
f 336 323 259
f 336 259 280
f 280 259 147
f 280 147 150
f 150 147 64
f 150 64 62
f 62 64 23
f 62 23 17
f 17 23 8
f 17 8 5
f 5 8 22
f 5 22 16
f 16 22 63
f 16 63 61
f 61 63 146
f 61 146 149
f 149 146 258
f 149 258 279
f 279 258 323
f 279 323 336
f 323 198 189
f 323 189 259
f 259 189 126
f 259 126 147
f 147 126 91
f 147 91 64
f 64 91 50
f 64 50 23
f 23 50 44
f 23 44 8
f 8 44 48
f 8 48 22
f 22 48 89
f 22 89 63
f 63 89 124
f 63 124 146
f 146 124 187
f 146 187 258
f 258 187 198
f 258 198 323
f 115 280 336
f 115 150 280
f 115 62 150
f 115 17 62
f 115 5 17
f 115 16 5
f 115 61 16
f 115 149 61
f 115 279 149
f 115 336 279
f 117 198 189
f 117 189 126
f 117 126 91
f 117 91 50
f 117 50 44
f 117 44 48
f 117 48 89
f 117 89 124
f 117 124 187
f 117 187 198
f 38 826 775
f 38 77 826
f 39 776 827
f 39 827 78
f 38 775 776
f 38 776 39
f 826 77 78
f 826 78 827
f 775 826 827
f 775 827 776
f 38 39 78
f 38 78 77
f 4440 4441 4439
f 4440 4439 4436
f 4436 4439 4389
f 4436 4389 4387
f 4387 4389 4279
f 4387 4279 4283
f 4283 4279 4135
f 4283 4135 4161
f 4161 4135 3997
f 4161 3997 4109
f 4109 3997 4134
f 4109 4134 4160
f 4160 4134 4278
f 4160 4278 4282
f 4282 4278 4388
f 4282 4388 4386
f 4386 4388 4438
f 4386 4438 4435
f 4435 4438 4441
f 4435 4441 4440
f 4441 4427 4401
f 4441 4401 4439
f 4439 4401 4363
f 4439 4363 4389
f 4389 4363 4319
f 4389 4319 4279
f 4279 4319 4251
f 4279 4251 4135
f 4135 4251 4192
f 4135 4192 3997
f 3997 4192 4250
f 3997 4250 4134
f 4134 4250 4318
f 4134 4318 4278
f 4278 4318 4362
f 4278 4362 4388
f 4388 4362 4400
f 4388 4400 4438
f 4438 4400 4427
f 4438 4427 4441
f 4331 4436 4440
f 4331 4387 4436
f 4331 4283 4387
f 4331 4161 4283
f 4331 4109 4161
f 4331 4160 4109
f 4331 4282 4160
f 4331 4386 4282
f 4331 4435 4386
f 4331 4440 4435
f 4332 4427 4401
f 4332 4401 4363
f 4332 4363 4319
f 4332 4319 4251
f 4332 4251 4192
f 4332 4192 4250
f 4332 4250 4318
f 4332 4318 4362
f 4332 4362 4400
f 4332 4400 4427
f 4437 4434 4420
f 4437 4420 4426
f 4426 4420 4379
f 4426 4379 4381
f 4381 4379 4305
f 4381 4305 4303
f 4303 4305 4212
f 4303 4212 4194
f 4194 4212 4162
f 4194 4162 4159
f 4159 4162 4211
f 4159 4211 4193
f 4193 4211 4304
f 4193 4304 4302
f 4302 4304 4378
f 4302 4378 4380
f 4380 4378 4419
f 4380 4419 4425
f 4425 4419 4434
f 4425 4434 4437
f 4434 4399 4395
f 4434 4395 4420
f 4420 4395 4353
f 4420 4353 4379
f 4379 4353 4326
f 4379 4326 4305
f 4305 4326 4271
f 4305 4271 4212
f 4212 4271 4257
f 4212 4257 4162
f 4162 4257 4269
f 4162 4269 4211
f 4211 4269 4324
f 4211 4324 4304
f 4304 4324 4351
f 4304 4351 4378
f 4378 4351 4393
f 4378 4393 4419
f 4419 4393 4399
f 4419 4399 4434
f 4339 4426 4437
f 4339 4381 4426
f 4339 4303 4381
f 4339 4194 4303
f 4339 4159 4194
f 4339 4193 4159
f 4339 4302 4193
f 4339 4380 4302
f 4339 4425 4380
f 4339 4437 4425
f 4341 4399 4395
f 4341 4395 4353
f 4341 4353 4326
f 4341 4326 4271
f 4341 4271 4257
f 4341 4257 4269
f 4341 4269 4324
f 4341 4324 4351
f 4341 4351 4393
f 4341 4393 4399
f 3723 4364 4403
f 3723 3652 4364
f 3724 4404 4365
f 3724 4365 3653
f 3723 4403 4404
f 3723 4404 3724
f 4364 3652 3653
f 4364 3653 4365
f 4403 4364 4365
f 4403 4365 4404
f 3723 3724 3653
f 3723 3653 3652
f 2069 2324 2322
f 2069 2071 2324
f 2070 2323 2325
f 2070 2325 2072
f 2069 2322 2323
f 2069 2323 2070
f 2324 2071 2072
f 2324 2072 2325
f 2322 2324 2325
f 2322 2325 2323
f 2069 2070 2072
f 2069 2072 2071
f 2784 2790 2827
f 2784 2827 2854
f 2854 2827 2826
f 2854 2826 2853
f 2853 2826 2788
f 2853 2788 2782
f 2782 2788 2747
f 2782 2747 2721
f 2721 2747 2748
f 2721 2748 2722
f 2722 2748 2790
f 2722 2790 2784
f 2783 2854 2784
f 2783 2853 2854
f 2783 2782 2853
f 2783 2721 2782
f 2783 2722 2721
f 2783 2784 2722
f 2789 2790 2827
f 2789 2827 2826
f 2789 2826 2788
f 2789 2788 2747
f 2789 2747 2748
f 2789 2748 2790
f 1156 1159 1243
f 1156 1243 1253
f 1253 1243 1299
f 1253 1299 1310
f 1310 1299 1244
f 1310 1244 1254
f 1254 1244 1160
f 1254 1160 1158
f 1158 1160 938
f 1158 938 929
f 929 938 902
f 929 902 883
f 883 902 937
f 883 937 928
f 928 937 1159
f 928 1159 1156
f 1159 1161 1292
f 1159 1292 1243
f 1243 1292 1345
f 1243 1345 1299
f 1299 1345 1293
f 1299 1293 1244
f 1244 1293 1163
f 1244 1163 1160
f 1160 1163 905
f 1160 905 938
f 938 905 865
f 938 865 902
f 902 865 904
f 902 904 937
f 937 904 1161
f 937 1161 1159
f 1157 1253 1156
f 1157 1310 1253
f 1157 1254 1310
f 1157 1158 1254
f 1157 929 1158
f 1157 883 929
f 1157 928 883
f 1157 1156 928
f 1162 1161 1292
f 1162 1292 1345
f 1162 1345 1293
f 1162 1293 1163
f 1162 1163 905
f 1162 905 865
f 1162 865 904
f 1162 904 1161
f 3329 3332 3541
f 3329 3541 3545
f 3545 3541 3568
f 3545 3568 3587
f 3587 3568 3542
f 3587 3542 3546
f 3546 3542 3333
f 3546 3333 3331
f 3331 3333 3242
f 3331 3242 3234
f 3234 3242 3189
f 3234 3189 3184
f 3184 3189 3241
f 3184 3241 3233
f 3233 3241 3332
f 3233 3332 3329
f 3332 3334 3564
f 3332 3564 3541
f 3541 3564 3614
f 3541 3614 3568
f 3568 3614 3565
f 3568 3565 3542
f 3542 3565 3336
f 3542 3336 3333
f 3333 3336 3196
f 3333 3196 3242
f 3242 3196 3155
f 3242 3155 3189
f 3189 3155 3195
f 3189 3195 3241
f 3241 3195 3334
f 3241 3334 3332
f 3330 3545 3329
f 3330 3587 3545
f 3330 3546 3587
f 3330 3331 3546
f 3330 3234 3331
f 3330 3184 3234
f 3330 3233 3184
f 3330 3329 3233
f 3335 3334 3564
f 3335 3564 3614
f 3335 3614 3565
f 3335 3565 3336
f 3335 3336 3196
f 3335 3196 3155
f 3335 3155 3195
f 3335 3195 3334
f 1639 1676 1593
f 1639 1593 1578
f 1578 1593 1402
f 1578 1402 1400
f 1400 1402 1185
f 1400 1185 1209
f 1209 1185 1061
f 1209 1061 1143
f 1143 1061 1184
f 1143 1184 1208
f 1208 1184 1393
f 1208 1393 1392
f 1392 1393 1592
f 1392 1592 1577
f 1577 1592 1676
f 1577 1676 1639
f 1396 1578 1639
f 1396 1400 1578
f 1396 1209 1400
f 1396 1143 1209
f 1396 1208 1143
f 1396 1392 1208
f 1396 1577 1392
f 1396 1639 1577
f 1397 1676 1593
f 1397 1593 1402
f 1397 1402 1185
f 1397 1185 1061
f 1397 1061 1184
f 1397 1184 1393
f 1397 1393 1592
f 1397 1592 1676
f 3356 3437 3294
f 3356 3294 3268
f 3268 3294 3082
f 3268 3082 3080
f 3080 3082 2846
f 3080 2846 2874
f 2874 2846 2723
f 2874 2723 2755
f 2755 2723 2845
f 2755 2845 2873
f 2873 2845 3073
f 2873 3073 3072
f 3072 3073 3293
f 3072 3293 3267
f 3267 3293 3437
f 3267 3437 3356
f 3076 3268 3356
f 3076 3080 3268
f 3076 2874 3080
f 3076 2755 2874
f 3076 2873 2755
f 3076 3072 2873
f 3076 3267 3072
f 3076 3356 3267
f 3077 3437 3294
f 3077 3294 3082
f 3077 3082 2846
f 3077 2846 2723
f 3077 2723 2845
f 3077 2845 3073
f 3077 3073 3293
f 3077 3293 3437
g gun
usemtl gun
f 1436 3056 3054
f 1436 1438 3056
f 1437 3055 3057
f 1437 3057 1439
f 1436 3054 3055
f 1436 3055 1437
f 3056 1438 1439
f 3056 1439 3057
f 3054 3056 3057
f 3054 3057 3055
f 1436 1437 1439
f 1436 1439 1438
f 215 197 188
f 215 188 193
f 193 188 125
f 193 125 128
f 128 125 90
f 128 90 85
f 85 90 49
f 85 49 46
f 46 49 43
f 46 43 40
f 40 43 47
f 40 47 45
f 45 47 88
f 45 88 84
f 84 88 123
f 84 123 127
f 127 123 186
f 127 186 192
f 192 186 197
f 192 197 215
f 108 193 215
f 108 128 193
f 108 85 128
f 108 46 85
f 108 40 46
f 108 45 40
f 108 84 45
f 108 127 84
f 108 192 127
f 108 215 192
f 115 197 188
f 115 188 125
f 115 125 90
f 115 90 49
f 115 49 43
f 115 43 47
f 115 47 88
f 115 88 123
f 115 123 186
f 115 186 197
f 4402 4398 4394
f 4402 4394 4397
f 4397 4394 4352
f 4397 4352 4356
f 4356 4352 4325
f 4356 4325 4322
f 4322 4325 4270
f 4322 4270 4261
f 4261 4270 4256
f 4261 4256 4248
f 4248 4256 4268
f 4248 4268 4260
f 4260 4268 4323
f 4260 4323 4321
f 4321 4323 4350
f 4321 4350 4355
f 4355 4350 4392
f 4355 4392 4396
f 4396 4392 4398
f 4396 4398 4402
f 4332 4397 4402
f 4332 4356 4397
f 4332 4322 4356
f 4332 4261 4322
f 4332 4248 4261
f 4332 4260 4248
f 4332 4321 4260
f 4332 4355 4321
f 4332 4396 4355
f 4332 4402 4396
f 4339 4398 4394
f 4339 4394 4352
f 4339 4352 4325
f 4339 4325 4270
f 4339 4270 4256
f 4339 4256 4268
f 4339 4268 4323
f 4339 4323 4350
f 4339 4350 4392
f 4339 4392 4398
g accent
usemtl accent
f 1341 3153 3151
f 1341 1343 3153
f 1342 3152 3154
f 1342 3154 1344
f 1341 3151 3152
f 1341 3152 1342
f 3153 1343 1344
f 3153 1344 3154
f 3151 3153 3154
f 3151 3154 3152
f 1341 1342 1344
f 1341 1344 1343
f 335 406 408
f 335 408 411
f 335 411 409
f 335 409 407
f 335 407 405
f 404 1032 406
f 406 1032 1034
f 406 1034 408
f 408 1034 1036
f 408 1036 411
f 411 1036 1035
f 411 1035 409
f 409 1035 1033
f 409 1033 407
f 407 1033 1031
f 407 1031 405
f 1032 1155 1034
f 1034 1155 1036
f 1036 1155 1035
f 1035 1155 1033
f 1033 1155 1031
f 3328 3457 3459
f 3328 3459 3461
f 3328 3461 3460
f 3328 3460 3458
f 3328 3458 3456
f 3455 4105 3457
f 3457 4105 4107
f 3457 4107 3459
f 3459 4107 4110
f 3459 4110 3461
f 3461 4110 4108
f 3461 4108 3460
f 3460 4108 4106
f 3460 4106 3458
f 3458 4106 4104
f 3458 4104 3456
f 4105 4158 4107
f 4107 4158 4110
f 4110 4158 4108
f 4108 4158 4106
f 4106 4158 4104
f 1738 2656 2654
f 1738 1740 2656
f 1739 2655 2657
f 1739 2657 1741
f 1738 2654 2655
f 1738 2655 1739
f 2656 1740 1741
f 2656 1741 2657
f 2654 2656 2657
f 2654 2657 2655
f 1738 1739 1741
f 1738 1741 1740
f 182 183 168
f 182 168 167
f 167 168 122
f 167 122 121
f 121 122 102
f 121 102 101
f 101 102 60
f 101 60 59
f 59 60 52
f 59 52 51
f 51 52 58
f 51 58 57
f 57 58 100
f 57 100 99
f 99 100 120
f 99 120 119
f 119 120 166
f 119 166 165
f 165 166 183
f 165 183 182
f 116 167 182
f 116 121 167
f 116 101 121
f 116 59 101
f 116 51 59
f 116 57 51
f 116 99 57
f 116 119 99
f 116 165 119
f 116 182 165
f 118 183 168
f 118 168 122
f 118 122 102
f 118 102 60
f 118 60 52
f 118 52 58
f 118 58 100
f 118 100 120
f 118 120 166
f 118 166 183
f 4390 4391 4385
f 4390 4385 4384
f 4384 4385 4346
f 4384 4346 4345
f 4345 4346 4330
f 4345 4330 4329
f 4329 4330 4287
f 4329 4287 4286
f 4286 4287 4275
f 4286 4275 4274
f 4274 4275 4285
f 4274 4285 4284
f 4284 4285 4328
f 4284 4328 4327
f 4327 4328 4344
f 4327 4344 4343
f 4343 4344 4383
f 4343 4383 4382
f 4382 4383 4391
f 4382 4391 4390
f 4340 4384 4390
f 4340 4345 4384
f 4340 4329 4345
f 4340 4286 4329
f 4340 4274 4286
f 4340 4284 4274
f 4340 4327 4284
f 4340 4343 4327
f 4340 4382 4343
f 4340 4390 4382
f 4342 4391 4385
f 4342 4385 4346
f 4342 4346 4330
f 4342 4330 4287
f 4342 4287 4275
f 4342 4275 4285
f 4342 4285 4328
f 4342 4328 4344
f 4342 4344 4383
f 4342 4383 4391
f 2702 2667 2739
f 2661 2713 2667
f 2794 2739 2713
f 2667 2713 2739
f 2702 2739 2795
f 2794 2838 2739
f 2870 2795 2838
f 2739 2838 2795
f 2702 2795 2738
f 2870 2837 2795
f 2793 2738 2837
f 2795 2837 2738
f 2702 2738 2666
f 2793 2712 2738
f 2660 2666 2712
f 2738 2712 2666
f 2702 2666 2667
f 2660 2640 2666
f 2661 2667 2640
f 2666 2640 2667
f 2870 2838 2912
f 2794 2866 2838
f 2921 2912 2866
f 2838 2866 2912
f 2794 2713 2792
f 2661 2711 2713
f 2787 2792 2711
f 2713 2711 2792
f 2661 2640 2665
f 2660 2664 2640
f 2701 2665 2664
f 2640 2664 2665
f 2660 2712 2710
f 2793 2791 2712
f 2786 2710 2791
f 2712 2791 2710
f 2793 2837 2865
f 2870 2911 2837
f 2920 2865 2911
f 2837 2911 2865
f 2869 2910 2836
f 2921 2864 2910
f 2787 2836 2864
f 2910 2864 2836
f 2869 2836 2785
f 2787 2737 2836
f 2701 2785 2737
f 2836 2737 2785
f 2869 2785 2835
f 2701 2736 2785
f 2786 2835 2736
f 2785 2736 2835
f 2869 2835 2909
f 2786 2863 2835
f 2920 2909 2863
f 2835 2863 2909
f 2869 2909 2910
f 2920 2941 2909
f 2921 2910 2941
f 2909 2941 2910
f 2787 2864 2792
f 2921 2866 2864
f 2794 2792 2866
f 2864 2866 2792
f 2701 2737 2665
f 2787 2711 2737
f 2661 2665 2711
f 2737 2711 2665
f 2786 2736 2710
f 2701 2664 2736
f 2660 2710 2664
f 2736 2664 2710
f 2920 2863 2865
f 2786 2791 2863
f 2793 2865 2791
f 2863 2791 2865
f 2921 2941 2912
f 2920 2911 2941
f 2870 2912 2911
f 2941 2911 2912
g brass
usemtl brass
f 1411 1274 1277
f 1411 1277 1415
f 1415 1277 1279
f 1415 1279 1417
f 1417 1279 1278
f 1417 1278 1416
f 1416 1278 1276
f 1416 1276 1413
f 1413 1276 1273
f 1413 1273 1409
f 1409 1273 1271
f 1409 1271 1407
f 1407 1271 1272
f 1407 1272 1408
f 1408 1272 1274
f 1408 1274 1411
f 1412 1415 1411
f 1412 1417 1415
f 1412 1416 1417
f 1412 1413 1416
f 1412 1409 1413
f 1412 1407 1409
f 1412 1408 1407
f 1412 1411 1408
f 1275 1274 1277
f 1275 1277 1279
f 1275 1279 1278
f 1275 1278 1276
f 1275 1276 1273
f 1275 1273 1271
f 1275 1271 1272
f 1275 1272 1274
f 3091 3215 3218
f 3091 3218 3095
f 3095 3218 3220
f 3095 3220 3097
f 3097 3220 3219
f 3097 3219 3096
f 3096 3219 3217
f 3096 3217 3093
f 3093 3217 3214
f 3093 3214 3089
f 3089 3214 3212
f 3089 3212 3087
f 3087 3212 3213
f 3087 3213 3088
f 3088 3213 3215
f 3088 3215 3091
f 3092 3095 3091
f 3092 3097 3095
f 3092 3096 3097
f 3092 3093 3096
f 3092 3089 3093
f 3092 3087 3089
f 3092 3088 3087
f 3092 3091 3088
f 3216 3215 3218
f 3216 3218 3220
f 3216 3220 3219
f 3216 3219 3217
f 3216 3217 3214
f 3216 3214 3212
f 3216 3212 3213
f 3216 3213 3215
f 1500 1497 1607
f 1500 1607 1609
f 1609 1607 1659
f 1609 1659 1660
f 1660 1659 1608
f 1660 1608 1610
f 1610 1608 1499
f 1610 1499 1502
f 1502 1499 1380
f 1502 1380 1382
f 1382 1380 1333
f 1382 1333 1334
f 1334 1333 1379
f 1334 1379 1381
f 1381 1379 1497
f 1381 1497 1500
f 1501 1609 1500
f 1501 1660 1609
f 1501 1610 1660
f 1501 1502 1610
f 1501 1382 1502
f 1501 1334 1382
f 1501 1381 1334
f 1501 1500 1381
f 1498 1497 1607
f 1498 1607 1659
f 1498 1659 1608
f 1498 1608 1499
f 1498 1499 1380
f 1498 1380 1333
f 1498 1333 1379
f 1498 1379 1497
f 2978 2975 3108
f 2978 3108 3110
f 3110 3108 3163
f 3110 3163 3164
f 3164 3163 3109
f 3164 3109 3111
f 3111 3109 2977
f 3111 2977 2980
f 2980 2977 2812
f 2980 2812 2814
f 2814 2812 2740
f 2814 2740 2741
f 2741 2740 2811
f 2741 2811 2813
f 2813 2811 2975
f 2813 2975 2978
f 2979 3110 2978
f 2979 3164 3110
f 2979 3111 3164
f 2979 2980 3111
f 2979 2814 2980
f 2979 2741 2814
f 2979 2813 2741
f 2979 2978 2813
f 2976 2975 3108
f 2976 3108 3163
f 2976 3163 3109
f 2976 3109 2977
f 2976 2977 2812
f 2976 2812 2740
f 2976 2740 2811
f 2976 2811 2975
f 1614 1589 1531
f 1614 1531 1549
f 1549 1531 1399
f 1549 1399 1401
f 1401 1399 1246
f 1401 1246 1229
f 1229 1246 1190
f 1229 1190 1169
f 1169 1190 1245
f 1169 1245 1228
f 1228 1245 1395
f 1228 1395 1394
f 1394 1395 1530
f 1394 1530 1548
f 1548 1530 1589
f 1548 1589 1614
f 1397 1549 1614
f 1397 1401 1549
f 1397 1229 1401
f 1397 1169 1229
f 1397 1228 1169
f 1397 1394 1228
f 1397 1548 1394
f 1397 1614 1548
f 1398 1589 1531
f 1398 1531 1399
f 1398 1399 1246
f 1398 1246 1190
f 1398 1190 1245
f 1398 1245 1395
f 1398 1395 1530
f 1398 1530 1589
f 3318 3288 3240
f 3318 3240 3251
f 3251 3240 3079
f 3251 3079 3081
f 3081 3079 2931
f 3081 2931 2905
f 2905 2931 2852
f 2905 2852 2807
f 2807 2852 2930
f 2807 2930 2904
f 2904 2930 3075
f 2904 3075 3074
f 3074 3075 3239
f 3074 3239 3250
f 3250 3239 3288
f 3250 3288 3318
f 3077 3251 3318
f 3077 3081 3251
f 3077 2905 3081
f 3077 2807 2905
f 3077 2904 2807
f 3077 3074 2904
f 3077 3250 3074
f 3077 3318 3250
f 3078 3288 3240
f 3078 3240 3079
f 3078 3079 2931
f 3078 2931 2852
f 3078 2852 2930
f 3078 2930 3075
f 3078 3075 3239
f 3078 3239 3288
f 1641 2759 2757
f 1641 1643 2759
f 1640 2756 2758
f 1640 2758 1642
f 1641 2757 2756
f 1641 2756 1640
f 2759 1643 1642
f 2759 1642 2758
f 2757 2759 2758
f 2757 2758 2756
f 1641 1640 1642
f 1641 1642 1643
